focal_sequence,comparison_sequence,alignment_position,focal_base,comparison_base
NARW_B_PCNA_like_core,NARW_parent_PCNA_CDS,34,C,T
NARW_B_PCNA_like_core,NARW_parent_PCNA_CDS,48,G,T
NARW_B_PCNA_like_core,NARW_parent_PCNA_CDS,54,C,G
NARW_B_PCNA_like_core,NARW_parent_PCNA_CDS,77,A,C
NARW_B_PCNA_like_core,NARW_parent_PCNA_CDS,101,T,G
NARW_B_PCNA_like_core,NARW_parent_PCNA_CDS,114,C,G
NARW_B_PCNA_like_core,NARW_parent_PCNA_CDS,172,A,G
NARW_B_PCNA_like_core,NARW_parent_PCNA_CDS,173,G,A
NARW_B_PCNA_like_core,NARW_parent_PCNA_CDS,288,A,G
NARW_B_PCNA_like_core,NARW_parent_PCNA_CDS,375,G,A
NARW_B_PCNA_like_core,NARW_parent_PCNA_CDS,414,A,G
NARW_B_PCNA_like_core,NARW_parent_PCNA_CDS,436,T,C
NARW_B_PCNA_like_core,NARW_parent_PCNA_CDS,575,T,A
NARW_B_PCNA_like_core,NARW_parent_PCNA_CDS,579,A,G
NARW_B_PCNA_like_core,NARW_parent_PCNA_CDS,669,C,T
NARW_B_PCNA_like_core,NARW_parent_PCNA_CDS,672,A,C
NARW_B_PCNA_like_core,NARW_parent_PCNA_CDS,708,G,C
NARW_B_PCNA_like_core,NARW_parent_PCNA_CDS,731,C,T
NARW_B_PCNA_like_core,Bottlenose_PCNA_pseudogene1_core,34,C,T
NARW_B_PCNA_like_core,Bottlenose_PCNA_pseudogene1_core,48,G,T
NARW_B_PCNA_like_core,Bottlenose_PCNA_pseudogene1_core,54,C,G
NARW_B_PCNA_like_core,Bottlenose_PCNA_pseudogene1_core,69,C,G
NARW_B_PCNA_like_core,Bottlenose_PCNA_pseudogene1_core,77,A,C
NARW_B_PCNA_like_core,Bottlenose_PCNA_pseudogene1_core,99,C,T
NARW_B_PCNA_like_core,Bottlenose_PCNA_pseudogene1_core,101,T,G
NARW_B_PCNA_like_core,Bottlenose_PCNA_pseudogene1_core,114,C,G
NARW_B_PCNA_like_core,Bottlenose_PCNA_pseudogene1_core,138,C,T
NARW_B_PCNA_like_core,Bottlenose_PCNA_pseudogene1_core,172,A,G
NARW_B_PCNA_like_core,Bottlenose_PCNA_pseudogene1_core,173,G,A
NARW_B_PCNA_like_core,Bottlenose_PCNA_pseudogene1_core,189,C,T
NARW_B_PCNA_like_core,Bottlenose_PCNA_pseudogene1_core,190,C,G
NARW_B_PCNA_like_core,Bottlenose_PCNA_pseudogene1_core,208,G,A
NARW_B_PCNA_like_core,Bottlenose_PCNA_pseudogene1_core,268,C,G
NARW_B_PCNA_like_core,Bottlenose_PCNA_pseudogene1_core,285,C,T
NARW_B_PCNA_like_core,Bottlenose_PCNA_pseudogene1_core,288,A,G
NARW_B_PCNA_like_core,Bottlenose_PCNA_pseudogene1_core,303,A,T
NARW_B_PCNA_like_core,Bottlenose_PCNA_pseudogene1_core,314,C,T
NARW_B_PCNA_like_core,Bottlenose_PCNA_pseudogene1_core,375,G,A
NARW_B_PCNA_like_core,Bottlenose_PCNA_pseudogene1_core,414,A,G
NARW_B_PCNA_like_core,Bottlenose_PCNA_pseudogene1_core,436,T,C
NARW_B_PCNA_like_core,Bottlenose_PCNA_pseudogene1_core,575,T,A
NARW_B_PCNA_like_core,Bottlenose_PCNA_pseudogene1_core,579,A,G
NARW_B_PCNA_like_core,Bottlenose_PCNA_pseudogene1_core,594,G,C
NARW_B_PCNA_like_core,Bottlenose_PCNA_pseudogene1_core,669,C,T
NARW_B_PCNA_like_core,Bottlenose_PCNA_pseudogene1_core,708,G,T
NARW_B_PCNA_like_core,Bottlenose_PCNA_pseudogene1_core,731,C,T
NARW_B_PCNA_like_core,Bottlenose_PCNA_pseudogene1_core,733,G,A
NARW_B_PCNA_like_core,Bottlenose_PCNA_pseudogene1_core,747,C,-
NARW_B_PCNA_like_core,Bottlenose_PCNA_pseudogene1_core,765,C,A
NARW_B_PCNA_like_core,Bottlenose_PCNA_pseudogene1_core,779,G,A
NARW_B_PCNA_like_core,Bottlenose_PCNA_pseudogene2_core,1,A,-
NARW_B_PCNA_like_core,Bottlenose_PCNA_pseudogene2_core,34,C,T
NARW_B_PCNA_like_core,Bottlenose_PCNA_pseudogene2_core,48,G,T
NARW_B_PCNA_like_core,Bottlenose_PCNA_pseudogene2_core,54,C,A
NARW_B_PCNA_like_core,Bottlenose_PCNA_pseudogene2_core,71,A,G
NARW_B_PCNA_like_core,Bottlenose_PCNA_pseudogene2_core,72,C,T
NARW_B_PCNA_like_core,Bottlenose_PCNA_pseudogene2_core,77,A,C
NARW_B_PCNA_like_core,Bottlenose_PCNA_pseudogene2_core,80,G,T
NARW_B_PCNA_like_core,Bottlenose_PCNA_pseudogene2_core,99,C,T
NARW_B_PCNA_like_core,Bottlenose_PCNA_pseudogene2_core,101,T,G
NARW_B_PCNA_like_core,Bottlenose_PCNA_pseudogene2_core,114,C,G
NARW_B_PCNA_like_core,Bottlenose_PCNA_pseudogene2_core,126,G,T
NARW_B_PCNA_like_core,Bottlenose_PCNA_pseudogene2_core,136,T,C
NARW_B_PCNA_like_core,Bottlenose_PCNA_pseudogene2_core,142,G,A
NARW_B_PCNA_like_core,Bottlenose_PCNA_pseudogene2_core,143,T,G
NARW_B_PCNA_like_core,Bottlenose_PCNA_pseudogene2_core,162,C,T
NARW_B_PCNA_like_core,Bottlenose_PCNA_pseudogene2_core,167,G,A
NARW_B_PCNA_like_core,Bottlenose_PCNA_pseudogene2_core,172,A,G
NARW_B_PCNA_like_core,Bottlenose_PCNA_pseudogene2_core,176,C,G
NARW_B_PCNA_like_core,Bottlenose_PCNA_pseudogene2_core,224,T,C
NARW_B_PCNA_like_core,Bottlenose_PCNA_pseudogene2_core,229,A,-
NARW_B_PCNA_like_core,Bottlenose_PCNA_pseudogene2_core,230,A,-
NARW_B_PCNA_like_core,Bottlenose_PCNA_pseudogene2_core,231,A,-
NARW_B_PCNA_like_core,Bottlenose_PCNA_pseudogene2_core,232,A,-
NARW_B_PCNA_like_core,Bottlenose_PCNA_pseudogene2_core,233,T,-
NARW_B_PCNA_like_core,Bottlenose_PCNA_pseudogene2_core,234,A,-
NARW_B_PCNA_like_core,Bottlenose_PCNA_pseudogene2_core,235,C,-
NARW_B_PCNA_like_core,Bottlenose_PCNA_pseudogene2_core,236,T,-
NARW_B_PCNA_like_core,Bottlenose_PCNA_pseudogene2_core,246,T,C
NARW_B_PCNA_like_core,Bottlenose_PCNA_pseudogene2_core,264,T,C
NARW_B_PCNA_like_core,Bottlenose_PCNA_pseudogene2_core,283,A,G
NARW_B_PCNA_like_core,Bottlenose_PCNA_pseudogene2_core,288,A,G
NARW_B_PCNA_like_core,Bottlenose_PCNA_pseudogene2_core,292,A,G
NARW_B_PCNA_like_core,Bottlenose_PCNA_pseudogene2_core,300,A,C
NARW_B_PCNA_like_core,Bottlenose_PCNA_pseudogene2_core,339,C,T
NARW_B_PCNA_like_core,Bottlenose_PCNA_pseudogene2_core,344,A,G
NARW_B_PCNA_like_core,Bottlenose_PCNA_pseudogene2_core,366,T,C
NARW_B_PCNA_like_core,Bottlenose_PCNA_pseudogene2_core,369,T,C
NARW_B_PCNA_like_core,Bottlenose_PCNA_pseudogene2_core,398,A,G
NARW_B_PCNA_like_core,Bottlenose_PCNA_pseudogene2_core,405,T,G
NARW_B_PCNA_like_core,Bottlenose_PCNA_pseudogene2_core,436,T,C
NARW_B_PCNA_like_core,Bottlenose_PCNA_pseudogene2_core,440,T,G
NARW_B_PCNA_like_core,Bottlenose_PCNA_pseudogene2_core,467,A,G
NARW_B_PCNA_like_core,Bottlenose_PCNA_pseudogene2_core,558,T,G
NARW_B_PCNA_like_core,Bottlenose_PCNA_pseudogene2_core,575,T,A
NARW_B_PCNA_like_core,Bottlenose_PCNA_pseudogene2_core,611,A,G
NARW_B_PCNA_like_core,Bottlenose_PCNA_pseudogene2_core,624,A,C
NARW_B_PCNA_like_core,Bottlenose_PCNA_pseudogene2_core,669,C,T
NARW_B_PCNA_like_core,Bottlenose_PCNA_pseudogene2_core,705,T,C
NARW_B_PCNA_like_core,Bottlenose_PCNA_pseudogene2_core,708,G,C
NARW_B_PCNA_like_core,Bottlenose_PCNA_pseudogene2_core,710,T,C
NARW_B_PCNA_like_core,Bottlenose_PCNA_pseudogene2_core,728,A,C
NARW_B_PCNA_like_core,Bottlenose_PCNA_pseudogene2_core,731,C,T
NARW_B_PCNA_like_core,Bottlenose_PCNA_pseudogene2_core,738,T,C
NARW_B_PCNA_like_core,Bottlenose_PCNA_pseudogene2_core,764,T,C
NARW_B_PCNA_like_core,Bottlenose_PCNA_pseudogene2_core,765,C,T
