Run,ReleaseDate,LoadDate,spots,bases,spots_with_mates,avgLength,size_MB,AssemblyName,download_path,Experiment,LibraryName,LibraryStrategy,LibrarySelection,LibrarySource,LibraryLayout,InsertSize,InsertDev,Platform,Model,SRAStudy,BioProject,Study_Pubmed_id,ProjectID,Sample,BioSample,SampleType,TaxID,ScientificName,SampleName,g1k_pop_code,source,g1k_analysis_group,Subject_ID,Sex,Disease,Tumor,Affection_Status,Analyte_Type,Histological_Type,Body_Site,CenterName,Submission,dbgap_study_accession,Consent,RunHash,ReadHash
SRR5282298,2017-06-27 00:00:59,2017-02-23 21:47:14,30069180,4510377000,30069180,150,1583,,https://sra-downloadb.be-md.ncbi.nlm.nih.gov/sos5/sra-pub-zq-14/SRR005/282/SRR5282298.sralite.1,SRX2585930,A66332,RNA-Seq,cDNA,TRANSCRIPTOMIC,PAIRED,0,0,ILLUMINA,NextSeq 500,SRP097694,PRJNA360851,2,360851,SRS1999566,SAMN06373807,simple,9749,Delphinapterus leucas,SJ_35,,,,,female,,no,,,,,BCCAGSC,SRA531094,,public,292573AC003E313E47389CA9DBC08718,D142E2AA3F3275C8674E5AB8C5C10D60
SRR5282288,2017-06-27 00:00:59,2017-02-23 21:44:22,29404272,4410640800,29404272,150,1546,,https://sra-downloadb.be-md.ncbi.nlm.nih.gov/sos5/sra-pub-zq-14/SRR005/282/SRR5282288.sralite.1,SRX2585930,A66332,RNA-Seq,cDNA,TRANSCRIPTOMIC,PAIRED,0,0,ILLUMINA,NextSeq 500,SRP097694,PRJNA360851,2,360851,SRS1999566,SAMN06373807,simple,9749,Delphinapterus leucas,SJ_35,,,,,female,,no,,,,,BCCAGSC,SRA531094,,public,D505EA32BA2718549E0009D7FFAB2370,475FCF56E5F606B0267390E1D13D70A3
SRR5282291,2017-06-27 00:00:59,2017-02-23 21:46:21,30136610,4520491500,30136610,150,1585,,https://sra-downloadb.be-md.ncbi.nlm.nih.gov/sos5/sra-pub-zq-14/SRR005/282/SRR5282291.sralite.1,SRX2585930,A66332,RNA-Seq,cDNA,TRANSCRIPTOMIC,PAIRED,0,0,ILLUMINA,NextSeq 500,SRP097694,PRJNA360851,2,360851,SRS1999566,SAMN06373807,simple,9749,Delphinapterus leucas,SJ_35,,,,,female,,no,,,,,BCCAGSC,SRA531094,,public,C45FC88105062F0114FDED730EB39A61,2375A7D1D03C3AC149A2FE7968396FED
SRR5282292,2017-06-27 00:00:59,2017-02-23 21:44:15,30134686,4520202900,30134686,150,1589,,https://sra-downloadb.be-md.ncbi.nlm.nih.gov/sos5/sra-pub-zq-14/SRR005/282/SRR5282292.sralite.1,SRX2585930,A66332,RNA-Seq,cDNA,TRANSCRIPTOMIC,PAIRED,0,0,ILLUMINA,NextSeq 500,SRP097694,PRJNA360851,2,360851,SRS1999566,SAMN06373807,simple,9749,Delphinapterus leucas,SJ_35,,,,,female,,no,,,,,BCCAGSC,SRA531094,,public,1EDBE58CF1651D000BCC348BCC1A75B1,304249240606787BD3776DC0C58CE1E4
SRR5282294,2017-06-27 00:00:59,2017-02-23 21:45:50,31046128,4656919200,31046128,150,1673,,https://sra-downloadb.be-md.ncbi.nlm.nih.gov/sos5/sra-pub-zq-14/SRR005/282/SRR5282294.sralite.1,SRX2585928,A66336,RNA-Seq,cDNA,TRANSCRIPTOMIC,PAIRED,0,0,ILLUMINA,NextSeq 500,SRP097694,PRJNA360851,2,360851,SRS1999564,SAMN06374824,simple,9749,Delphinapterus leucas,SJ_36,,,,,female,,no,,,,,BCCAGSC,SRA531094,,public,4539DBCF52D47DC5BB7EF4FD932A14AA,9AFE117715EA2C03198A05A034F975D2
SRR5282295,2017-06-27 00:00:59,2017-02-23 21:50:11,30334541,4550181150,30334541,150,1635,,https://sra-downloadb.be-md.ncbi.nlm.nih.gov/sos5/sra-pub-zq-14/SRR005/282/SRR5282295.sralite.1,SRX2585928,A66336,RNA-Seq,cDNA,TRANSCRIPTOMIC,PAIRED,0,0,ILLUMINA,NextSeq 500,SRP097694,PRJNA360851,2,360851,SRS1999564,SAMN06374824,simple,9749,Delphinapterus leucas,SJ_36,,,,,female,,no,,,,,BCCAGSC,SRA531094,,public,AE0609B9F372A222F87586A35B72D861,8541CAFF358B7870734B5672CFB60474
SRR5282296,2017-06-27 00:00:59,2017-02-23 21:46:48,30962177,4644326550,30962177,150,1672,,https://sra-downloadb.be-md.ncbi.nlm.nih.gov/sos5/sra-pub-zq-14/SRR005/282/SRR5282296.sralite.1,SRX2585928,A66336,RNA-Seq,cDNA,TRANSCRIPTOMIC,PAIRED,0,0,ILLUMINA,NextSeq 500,SRP097694,PRJNA360851,2,360851,SRS1999564,SAMN06374824,simple,9749,Delphinapterus leucas,SJ_36,,,,,female,,no,,,,,BCCAGSC,SRA531094,,public,C5E4737F20A759C5991F172424061E92,649493AF7604BB9BB459FBB255C536CA
SRR5282297,2017-06-27 00:00:59,2017-02-23 21:48:51,31128024,4669203600,31128024,150,1684,,https://sra-downloadb.be-md.ncbi.nlm.nih.gov/sos5/sra-pub-zq-14/SRR005/282/SRR5282297.sralite.1,SRX2585928,A66336,RNA-Seq,cDNA,TRANSCRIPTOMIC,PAIRED,0,0,ILLUMINA,NextSeq 500,SRP097694,PRJNA360851,2,360851,SRS1999564,SAMN06374824,simple,9749,Delphinapterus leucas,SJ_36,,,,,female,,no,,,,,BCCAGSC,SRA531094,,public,954A34D57EAA2BFF7BDD5CC532ECB813,D4C92DCABC0B84E20DB568B08C669A59
SRR5282293,2017-06-27 00:00:59,2017-02-23 21:46:50,29654706,4448205900,29654706,150,1563,,https://sra-downloadb.be-md.ncbi.nlm.nih.gov/sos5/sra-pub-zq-14/SRR005/282/SRR5282293.sralite.1,SRX2585927,A66340,RNA-Seq,cDNA,TRANSCRIPTOMIC,PAIRED,0,0,ILLUMINA,NextSeq 500,SRP097694,PRJNA360851,2,360851,SRS1999563,SAMN06375781,simple,9749,Delphinapterus leucas,SJ_37,,,,,female,,no,,,,,BCCAGSC,SRA531094,,public,803D2DC4C2730CB7880676865231676C,21AD3EE8DC696A8C71D514946906C3C2
SRR5282289,2017-06-27 00:00:59,2017-02-23 21:45:49,30329745,4549461750,30329745,150,1599,,https://sra-downloadb.be-md.ncbi.nlm.nih.gov/sos5/sra-pub-zq-14/SRR005/282/SRR5282289.sralite.1,SRX2585927,A66340,RNA-Seq,cDNA,TRANSCRIPTOMIC,PAIRED,0,0,ILLUMINA,NextSeq 500,SRP097694,PRJNA360851,2,360851,SRS1999563,SAMN06375781,simple,9749,Delphinapterus leucas,SJ_37,,,,,female,,no,,,,,BCCAGSC,SRA531094,,public,E291435BBA800B258825CC704FD37264,73DCE41AF004F8D49D9841F3723E620C
SRR5282283,2017-06-27 00:00:59,2017-02-23 21:41:28,30325796,4548869400,30325796,150,1606,,https://sra-downloadb.be-md.ncbi.nlm.nih.gov/sos5/sra-pub-zq-14/SRR005/282/SRR5282283.sralite.1,SRX2585927,A66340,RNA-Seq,cDNA,TRANSCRIPTOMIC,PAIRED,0,0,ILLUMINA,NextSeq 500,SRP097694,PRJNA360851,2,360851,SRS1999563,SAMN06375781,simple,9749,Delphinapterus leucas,SJ_37,,,,,female,,no,,,,,BCCAGSC,SRA531094,,public,283F78FE5B679C089B167C183289D4ED,5AA8C620BDD5A1C80DA4FAA6367A0E76
SRR5282285,2017-06-27 00:00:59,2017-02-23 21:45:09,30246787,4537018050,30246787,150,1599,,https://sra-downloadb.be-md.ncbi.nlm.nih.gov/sos5/sra-pub-zq-14/SRR005/282/SRR5282285.sralite.1,SRX2585927,A66340,RNA-Seq,cDNA,TRANSCRIPTOMIC,PAIRED,0,0,ILLUMINA,NextSeq 500,SRP097694,PRJNA360851,2,360851,SRS1999563,SAMN06375781,simple,9749,Delphinapterus leucas,SJ_37,,,,,female,,no,,,,,BCCAGSC,SRA531094,,public,EF150163A6C20394E85F4D5EB07B302B,BB5C75C0FD19F7E4CD1B4C6083FF6820
SRR5282286,2017-06-27 00:00:59,2017-02-23 21:50:59,33928168,5089225200,33928168,150,1804,,https://sra-downloadb.be-md.ncbi.nlm.nih.gov/sos5/sra-pub-zq-14/SRR005/282/SRR5282286.sralite.1,SRX2585929,A66345,RNA-Seq,cDNA,TRANSCRIPTOMIC,PAIRED,0,0,ILLUMINA,NextSeq 500,SRP097694,PRJNA360851,2,360851,SRS1999565,SAMN06375782,simple,9749,Delphinapterus leucas,SJ_38,,,,,female,,no,,,,,BCCAGSC,SRA531094,,public,B5FE3BC62CD5B24911EC5FCE20911CCE,9D0AA4FC8611C29009FA20DD4957BFD0
SRR5282287,2017-06-27 00:00:59,2017-02-23 21:46:28,34025779,5103866850,34025779,150,1813,,https://sra-downloadb.be-md.ncbi.nlm.nih.gov/sos5/sra-pub-zq-14/SRR005/282/SRR5282287.sralite.1,SRX2585929,A66345,RNA-Seq,cDNA,TRANSCRIPTOMIC,PAIRED,0,0,ILLUMINA,NextSeq 500,SRP097694,PRJNA360851,2,360851,SRS1999565,SAMN06375782,simple,9749,Delphinapterus leucas,SJ_38,,,,,female,,no,,,,,BCCAGSC,SRA531094,,public,3E4CB32473EB3D5D257325EDACDAB7F3,EC2023886FCF592E718B9DD264AFB6B2
SRR5282284,2017-06-27 00:00:59,2017-02-23 21:51:03,33217830,4982674500,33217830,150,1762,,https://sra-downloadb.be-md.ncbi.nlm.nih.gov/sos5/sra-pub-zq-14/SRR005/282/SRR5282284.sralite.1,SRX2585929,A66345,RNA-Seq,cDNA,TRANSCRIPTOMIC,PAIRED,0,0,ILLUMINA,NextSeq 500,SRP097694,PRJNA360851,2,360851,SRS1999565,SAMN06375782,simple,9749,Delphinapterus leucas,SJ_38,,,,,female,,no,,,,,BCCAGSC,SRA531094,,public,99A3D8549C67D0DEF5C9111932A1C435,E6976D1DF4701D437A994B848D4EB535
SRR5282290,2017-06-27 00:00:59,2017-02-23 21:44:28,33996399,5099459850,33996399,150,1803,,https://sra-downloadb.be-md.ncbi.nlm.nih.gov/sos5/sra-pub-zq-14/SRR005/282/SRR5282290.sralite.1,SRX2585929,A66345,RNA-Seq,cDNA,TRANSCRIPTOMIC,PAIRED,0,0,ILLUMINA,NextSeq 500,SRP097694,PRJNA360851,2,360851,SRS1999565,SAMN06375782,simple,9749,Delphinapterus leucas,SJ_38,,,,,female,,no,,,,,BCCAGSC,SRA531094,,public,8B44EF5C98FE9624103BC2CE9E5AC046,B57A6CA0B9DC2A1585A6C4D1F5786A79
SRR5521314,2017-05-15 10:01:20,2017-05-10 09:59:13,36037343,4504667875,0,125,2045,,https://sra-downloadb.be-md.ncbi.nlm.nih.gov/sos5/sra-pub-zq-14/SRR005/521/SRR5521314.sralite.1,SRX2794550,,RNA-Seq,cDNA,TRANSCRIPTOMIC,SINGLE,0,0,ILLUMINA,Illumina HiSeq 2500,SRP106871,PRJNA386157,2,386157,SRS2175682,SAMN06925939,simple,9749,Delphinapterus leucas,GSM2611035,,,,,,,no,,,,,GEO,SRA560937,,public,5A97FCABEA778E072B70223213D62FE7,27266513B050323C6D109A5538D6A4C1
SRR5521315,2017-05-15 10:01:20,2017-05-10 09:58:54,41430639,5178829875,0,125,2338,,https://sra-downloadb.be-md.ncbi.nlm.nih.gov/sos5/sra-pub-zq-14/SRR005/521/SRR5521315.sralite.1,SRX2794551,,RNA-Seq,cDNA,TRANSCRIPTOMIC,SINGLE,0,0,ILLUMINA,Illumina HiSeq 2500,SRP106871,PRJNA386157,2,386157,SRS2175681,SAMN06925940,simple,9749,Delphinapterus leucas,GSM2611036,,,,,,,no,,,,,GEO,SRA560937,,public,B2B453E3BABD3616AD5A583F20D5A79A,756404F887FF691361601633F4332E6B
SRR5521316,2017-05-15 10:01:20,2017-05-10 09:59:22,39406120,4925765000,0,125,2235,,https://sra-downloadb.be-md.ncbi.nlm.nih.gov/sos5/sra-pub-zq-14/SRR005/521/SRR5521316.sralite.1,SRX2794552,,RNA-Seq,cDNA,TRANSCRIPTOMIC,SINGLE,0,0,ILLUMINA,Illumina HiSeq 2500,SRP106871,PRJNA386157,2,386157,SRS2175683,SAMN06925938,simple,9749,Delphinapterus leucas,GSM2611037,,,,,,,no,,,,,GEO,SRA560937,,public,982FF1EA73978692F6498AC5C037EE76,0C22E7635271CE1AF0C75624FCB6EBE1
SRR5521317,2017-05-15 10:01:20,2017-05-10 09:59:21,38366090,4795761250,0,125,2158,,https://sra-downloadb.be-md.ncbi.nlm.nih.gov/sos5/sra-pub-zq-14/SRR005/521/SRR5521317.sralite.1,SRX2794553,,RNA-Seq,cDNA,TRANSCRIPTOMIC,SINGLE,0,0,ILLUMINA,Illumina HiSeq 2500,SRP106871,PRJNA386157,2,386157,SRS2175684,SAMN06925937,simple,9749,Delphinapterus leucas,GSM2611038,,,,,,,no,,,,,GEO,SRA560937,,public,0FAA26566047C917F697A7CF87983037,054AC30BC80F496112F341E20452889E
SRR5521318,2017-05-15 10:01:20,2017-05-10 09:59:05,42064904,5258113000,0,125,2365,,https://sra-downloadb.be-md.ncbi.nlm.nih.gov/sos5/sra-pub-zq-14/SRR005/521/SRR5521318.sralite.1,SRX2794554,,RNA-Seq,cDNA,TRANSCRIPTOMIC,SINGLE,0,0,ILLUMINA,Illumina HiSeq 2500,SRP106871,PRJNA386157,2,386157,SRS2175685,SAMN06925953,simple,9749,Delphinapterus leucas,GSM2611039,,,,,,,no,,,,,GEO,SRA560937,,public,8F2B0F32A1A25BB1B70854D1B4BBEA29,DB8D03B9570C023746993FD1FF30C100
SRR5521319,2017-05-15 10:01:20,2017-05-10 10:11:16,48792802,6099100250,0,125,2748,,https://sra-downloadb.be-md.ncbi.nlm.nih.gov/sos5/sra-pub-zq-14/SRR005/521/SRR5521319.sralite.1,SRX2794555,,RNA-Seq,cDNA,TRANSCRIPTOMIC,SINGLE,0,0,ILLUMINA,Illumina HiSeq 2500,SRP106871,PRJNA386157,2,386157,SRS2175686,SAMN06925952,simple,9749,Delphinapterus leucas,GSM2611040,,,,,,,no,,,,,GEO,SRA560937,,public,FCE4BE15FDAC9D2D52E9194DA8EE9C32,BC39D8544379F615FCD9794AE00BEE80
SRR5521320,2017-05-15 10:01:20,2017-05-10 10:02:21,43987722,5498465250,0,125,2545,,https://sra-downloadb.be-md.ncbi.nlm.nih.gov/sos5/sra-pub-zq-14/SRR005/521/SRR5521320.sralite.1,SRX2794556,,RNA-Seq,cDNA,TRANSCRIPTOMIC,SINGLE,0,0,ILLUMINA,Illumina HiSeq 2500,SRP106871,PRJNA386157,2,386157,SRS2175687,SAMN06925954,simple,9749,Delphinapterus leucas,GSM2611041,,,,,,,no,,,,,GEO,SRA560937,,public,A5346942A032B711224580706A48F74A,820EA106A001D7784D8A02166D4CDF38
SRR5521321,2017-05-15 10:01:20,2017-05-10 09:59:31,44948281,5618535125,0,125,2589,,https://sra-downloadb.be-md.ncbi.nlm.nih.gov/sos5/sra-pub-zq-14/SRR005/521/SRR5521321.sralite.1,SRX2794557,,RNA-Seq,cDNA,TRANSCRIPTOMIC,SINGLE,0,0,ILLUMINA,Illumina HiSeq 2500,SRP106871,PRJNA386157,2,386157,SRS2175688,SAMN06925958,simple,9749,Delphinapterus leucas,GSM2611042,,,,,,,no,,,,,GEO,SRA560937,,public,C95700B55277186C718AE531EA2D2F39,5CDEEB1C718385CF983AA117A0DB2D1A
SRR5521322,2017-05-15 10:01:20,2017-05-10 10:00:44,44673740,5584217500,0,125,2577,,https://sra-downloadb.be-md.ncbi.nlm.nih.gov/sos5/sra-pub-zq-14/SRR005/521/SRR5521322.sralite.1,SRX2794558,,RNA-Seq,cDNA,TRANSCRIPTOMIC,SINGLE,0,0,ILLUMINA,Illumina HiSeq 2500,SRP106871,PRJNA386157,2,386157,SRS2175689,SAMN06925957,simple,9749,Delphinapterus leucas,GSM2611043,,,,,,,no,,,,,GEO,SRA560937,,public,51E14C5878AFCF583B7BA140C74419AD,97F3D63FEBB844F3F258B858C7E2C10B
SRR5521323,2017-05-15 10:01:20,2017-05-10 10:01:32,44276239,5534529875,0,125,2570,,https://sra-downloadb.be-md.ncbi.nlm.nih.gov/sos5/sra-pub-zq-14/SRR005/521/SRR5521323.sralite.1,SRX2794559,,RNA-Seq,cDNA,TRANSCRIPTOMIC,SINGLE,0,0,ILLUMINA,Illumina HiSeq 2500,SRP106871,PRJNA386157,2,386157,SRS2175690,SAMN06925956,simple,9749,Delphinapterus leucas,GSM2611044,,,,,,,no,,,,,GEO,SRA560937,,public,6BB888C02DE290CD4FEF7427B180445A,643B162743C4A50F421633C956C413CB
SRR5521324,2017-05-15 10:01:20,2017-05-10 10:00:00,46220578,5777572250,0,125,2683,,https://sra-downloadb.be-md.ncbi.nlm.nih.gov/sos5/sra-pub-zq-14/SRR005/521/SRR5521324.sralite.1,SRX2794560,,RNA-Seq,cDNA,TRANSCRIPTOMIC,SINGLE,0,0,ILLUMINA,Illumina HiSeq 2500,SRP106871,PRJNA386157,2,386157,SRS2175691,SAMN06925955,simple,9749,Delphinapterus leucas,GSM2611045,,,,,,,no,,,,,GEO,SRA560937,,public,A01C9CCD10F856CC9F6A2DD5CFC742FF,F1EF2A98E4CBBF9EC4F3E085727A772A
SRR5521325,2017-05-15 10:01:20,2017-05-10 10:00:39,42848539,5356067375,0,125,2484,,https://sra-downloadb.be-md.ncbi.nlm.nih.gov/sos5/sra-pub-zq-14/SRR005/521/SRR5521325.sralite.1,SRX2794561,,RNA-Seq,cDNA,TRANSCRIPTOMIC,SINGLE,0,0,ILLUMINA,Illumina HiSeq 2500,SRP106871,PRJNA386157,2,386157,SRS2175692,SAMN06925959,simple,9749,Delphinapterus leucas,GSM2611046,,,,,,,no,,,,,GEO,SRA560937,,public,C60BEA6DE4B645E10F71FFCDFAD3D919,8CC9124669378575DF536C8122ACBCA9
SRR5521326,2017-05-15 10:01:20,2017-05-10 09:59:07,38712343,4839042875,0,125,2129,,https://sra-downloadb.be-md.ncbi.nlm.nih.gov/sos5/sra-pub-zq-14/SRR005/521/SRR5521326.sralite.1,SRX2794562,,RNA-Seq,cDNA,TRANSCRIPTOMIC,SINGLE,0,0,ILLUMINA,Illumina HiSeq 2500,SRP106871,PRJNA386157,2,386157,SRS2175693,SAMN06925960,simple,9749,Delphinapterus leucas,GSM2611047,,,,,,,no,,,,,GEO,SRA560937,,public,C534B27C635EC0450AEE67E62BB8A465,92FF15536BA51AC646DA8E58771C9771
SRR5521327,2017-05-15 10:01:20,2017-05-10 09:58:17,27446697,3430837125,0,125,1517,,https://sra-downloadb.be-md.ncbi.nlm.nih.gov/sos5/sra-pub-zq-14/SRR005/521/SRR5521327.sralite.1,SRX2794563,,RNA-Seq,cDNA,TRANSCRIPTOMIC,SINGLE,0,0,ILLUMINA,Illumina HiSeq 2500,SRP106871,PRJNA386157,2,386157,SRS2175694,SAMN06925951,simple,9749,Delphinapterus leucas,GSM2611048,,,,,,,no,,,,,GEO,SRA560937,,public,130C76F317AE761321395119CD63EC5F,2AE39CC5FECA5DD1EE376DBC200AD7E7
SRR5521328,2017-05-15 10:01:20,2017-05-10 10:00:39,43914768,5489346000,0,125,2422,,https://sra-downloadb.be-md.ncbi.nlm.nih.gov/sos5/sra-pub-zq-14/SRR005/521/SRR5521328.sralite.1,SRX2794564,,RNA-Seq,cDNA,TRANSCRIPTOMIC,SINGLE,0,0,ILLUMINA,Illumina HiSeq 2500,SRP106871,PRJNA386157,2,386157,SRS2175695,SAMN06925950,simple,9749,Delphinapterus leucas,GSM2611049,,,,,,,no,,,,,GEO,SRA560937,,public,4836932F9E3B3D4506A1935F32F413A2,01C92FF319A365F6496706B4B75EFEDB
SRR5521329,2017-05-15 10:01:20,2017-05-10 09:59:32,36120899,4515112375,0,125,2014,,https://sra-downloadb.be-md.ncbi.nlm.nih.gov/sos5/sra-pub-zq-14/SRR005/521/SRR5521329.sralite.1,SRX2794565,,RNA-Seq,cDNA,TRANSCRIPTOMIC,SINGLE,0,0,ILLUMINA,Illumina HiSeq 2500,SRP106871,PRJNA386157,2,386157,SRS2175696,SAMN06925949,simple,9749,Delphinapterus leucas,GSM2611050,,,,,,,no,,,,,GEO,SRA560937,,public,1F6C4EEABF046C57EB1F2ED81148E30E,DED6CEB75DBA927D96F310AAB49D6EC9
SRR5521330,2017-05-15 10:01:20,2017-05-10 09:58:59,41639468,5204933500,0,125,2307,,https://sra-downloadb.be-md.ncbi.nlm.nih.gov/sos5/sra-pub-zq-14/SRR005/521/SRR5521330.sralite.1,SRX2794566,,RNA-Seq,cDNA,TRANSCRIPTOMIC,SINGLE,0,0,ILLUMINA,Illumina HiSeq 2500,SRP106871,PRJNA386157,2,386157,SRS2175697,SAMN06925948,simple,9749,Delphinapterus leucas,GSM2611051,,,,,,,no,,,,,GEO,SRA560937,,public,C60E430653A265A7007344CEBBCA8B1E,8A2F084B106AAF3DC3B7347752A36BBC
SRR5521331,2017-05-15 10:01:20,2017-05-10 10:01:12,42059555,5257444375,0,125,2333,,https://sra-downloadb.be-md.ncbi.nlm.nih.gov/sos5/sra-pub-zq-14/SRR005/521/SRR5521331.sralite.1,SRX2794567,,RNA-Seq,cDNA,TRANSCRIPTOMIC,SINGLE,0,0,ILLUMINA,Illumina HiSeq 2500,SRP106871,PRJNA386157,2,386157,SRS2175698,SAMN06925947,simple,9749,Delphinapterus leucas,GSM2611052,,,,,,,no,,,,,GEO,SRA560937,,public,D0F13A933E4CECC526B4980A49D7149D,2322F719E5CE08DFD44FB05A49992EED
SRR5521332,2017-05-15 10:01:20,2017-05-10 10:00:55,44888520,5611065000,0,125,2625,,https://sra-downloadb.be-md.ncbi.nlm.nih.gov/sos5/sra-pub-zq-14/SRR005/521/SRR5521332.sralite.1,SRX2794568,,RNA-Seq,cDNA,TRANSCRIPTOMIC,SINGLE,0,0,ILLUMINA,Illumina HiSeq 2500,SRP106871,PRJNA386157,2,386157,SRS2175699,SAMN06925946,simple,9749,Delphinapterus leucas,GSM2611053,,,,,,,no,,,,,GEO,SRA560937,,public,3EF7E45B9938DA5BC4E9FD3CC5E4CDAC,00F1A566BF5462BC32DB72F8AF55CC86
SRR5521333,2017-05-15 10:01:20,2017-05-10 10:02:53,57426419,7178302375,0,125,3362,,https://sra-downloadb.be-md.ncbi.nlm.nih.gov/sos5/sra-pub-zq-14/SRR005/521/SRR5521333.sralite.1,SRX2794569,,RNA-Seq,cDNA,TRANSCRIPTOMIC,SINGLE,0,0,ILLUMINA,Illumina HiSeq 2500,SRP106871,PRJNA386157,2,386157,SRS2175700,SAMN06925945,simple,9749,Delphinapterus leucas,GSM2611054,,,,,,,no,,,,,GEO,SRA560937,,public,C31D6A0F37842D49C03D156FC01EBAC6,D78393FC6F00D38A994B5D919536BEC2
SRR5521334,2017-05-15 10:01:20,2017-05-10 10:00:53,48522973,6065371625,0,125,2835,,https://sra-downloadb.be-md.ncbi.nlm.nih.gov/sos5/sra-pub-zq-14/SRR005/521/SRR5521334.sralite.1,SRX2794570,,RNA-Seq,cDNA,TRANSCRIPTOMIC,SINGLE,0,0,ILLUMINA,Illumina HiSeq 2500,SRP106871,PRJNA386157,2,386157,SRS2175701,SAMN06925944,simple,9749,Delphinapterus leucas,GSM2611055,,,,,,,no,,,,,GEO,SRA560937,,public,1DC59DEA6072A2E05BE6231FE01E2C32,37AF9A75D058C17F03B0143E2EE610BF
SRR5521335,2017-05-15 10:01:20,2017-05-10 09:58:12,35570967,4446370875,0,125,2083,,https://sra-downloadb.be-md.ncbi.nlm.nih.gov/sos5/sra-pub-zq-14/SRR005/521/SRR5521335.sralite.1,SRX2794571,,RNA-Seq,cDNA,TRANSCRIPTOMIC,SINGLE,0,0,ILLUMINA,Illumina HiSeq 2500,SRP106871,PRJNA386157,2,386157,SRS2175702,SAMN06925943,simple,9749,Delphinapterus leucas,GSM2611056,,,,,,,no,,,,,GEO,SRA560937,,public,5249CA612C7123D84976C5C4877A7334,5E0DEAA48C5A97B2DFC5211F0DD95911
SRR5521336,2017-05-15 10:01:20,2017-05-10 10:01:18,37345414,4668176750,0,125,2202,,https://sra-downloadb.be-md.ncbi.nlm.nih.gov/sos5/sra-pub-zq-14/SRR005/521/SRR5521336.sralite.1,SRX2794572,,RNA-Seq,cDNA,TRANSCRIPTOMIC,SINGLE,0,0,ILLUMINA,Illumina HiSeq 2500,SRP106871,PRJNA386157,2,386157,SRS2175703,SAMN06925942,simple,9749,Delphinapterus leucas,GSM2611057,,,,,,,no,,,,,GEO,SRA560937,,public,5C6A3BA56D2D07B20342B7DE12554617,202E75723AAF6ED825223C4FC7D796CD
SRR5521337,2017-05-15 10:01:20,2017-05-10 10:00:30,41222288,5152786000,0,125,2410,,https://sra-downloadb.be-md.ncbi.nlm.nih.gov/sos5/sra-pub-zq-14/SRR005/521/SRR5521337.sralite.1,SRX2794573,,RNA-Seq,cDNA,TRANSCRIPTOMIC,SINGLE,0,0,ILLUMINA,Illumina HiSeq 2500,SRP106871,PRJNA386157,2,386157,SRS2175704,SAMN06925941,simple,9749,Delphinapterus leucas,GSM2611058,,,,,,,no,,,,,GEO,SRA560937,,public,E8749F4272DAA1A47B7DCBD99E1D8271,085C550B31A7FCD898BA9747A7BB182B
SRR5990716,2017-08-31 00:03:31,2017-08-30 13:58:53,13289663,4529943093,13289663,340,1877,,https://sra-downloadb.be-md.ncbi.nlm.nih.gov/sos5/sra-pub-zq-14/SRR005/990/SRR5990716.sralite.1,SRX3146423,AuroraMixed1,RNA-Seq,cDNA,TRANSCRIPTOMIC,PAIRED,0,0,ILLUMINA,Illumina MiSeq,SRP097694,PRJNA360851,2,360851,SRS2478381,SAMN07509519,simple,9749,Delphinapterus leucas,Mixed1,,,,,female,,no,,,,,BCCAGSC,SRA604070,,public,BC598A65D1DCA3D8A078B671DB0EAD3C,EB02418301C94334BFD292C000160894
SRR5990717,2017-08-31 00:03:31,2017-08-30 14:00:37,12846312,4572309523,12846312,355,1805,,https://sra-downloadb.be-md.ncbi.nlm.nih.gov/sos5/sra-pub-zq-14/SRR005/990/SRR5990717.sralite.1,SRX3146424,AuroraLung1,RNA-Seq,cDNA,TRANSCRIPTOMIC,PAIRED,0,0,ILLUMINA,Illumina MiSeq,SRP097694,PRJNA360851,2,360851,SRS2478382,SAMN07509506,simple,9749,Delphinapterus leucas,Lung1,,,,,female,,no,,,,,BCCAGSC,SRA604070,,public,A9630DC3FB382588F87BF67A682F0578,DF4FF829BD46FF96DDF69041C2A892FD
SRR5990718,2017-08-31 00:03:31,2017-08-30 13:58:10,11916084,4067286534,11916084,341,1747,,https://sra-downloadb.be-md.ncbi.nlm.nih.gov/sos5/sra-pub-zq-14/SRR005/990/SRR5990718.sralite.1,SRX3146425,AuroraSerum10,RNA-Seq,cDNA,TRANSCRIPTOMIC,PAIRED,0,0,ILLUMINA,Illumina MiSeq,SRP097694,PRJNA360851,2,360851,SRS1936972,SAMN06216270,simple,9749,Delphinapterus leucas,SJ_33,,,,,female,,no,,,,,BCCAGSC,SRA604070,,public,BC20A21EFC97F8692DBE135AA0C872DA,2D90A2B0105C16B980C0ABFC3BE4DF58
SRR6181296,2017-10-17 12:49:12,2017-10-17 12:46:11,6312007,951737487,6312007,150,431,,https://sra-downloadb.be-md.ncbi.nlm.nih.gov/sos5/sra-pub-zq-14/SRR006/181/SRR6181296.sralite.1,SRX3291907,DL-58-2_S4_L003_R1_001.fastq.gz,RNA-Seq,RANDOM,TRANSCRIPTOMIC,PAIRED,0,0,ILLUMINA,NextSeq 500,SRP120137,PRJNA414234,,414234,SRS2601092,SAMN07782284,simple,9749,Delphinapterus leucas,DLBB-08-02,,,,,female,,no,,,,,MYSTIC AQUARIUM,SRA620216,,public,E221B0178191C3F26ED6DB9E68616409,2246568509AC5ED41B4DF5E23FD2F296
SRR6181297,2017-10-17 12:49:12,2017-10-17 12:46:43,6184859,932537966,6184859,150,424,,https://sra-downloadb.be-md.ncbi.nlm.nih.gov/sos5/sra-pub-zq-14/SRR006/181/SRR6181297.sralite.1,SRX3291906,DL-58-2_S4_L004_R1_001.fastq.gz,RNA-Seq,RANDOM,TRANSCRIPTOMIC,PAIRED,0,0,ILLUMINA,NextSeq 500,SRP120137,PRJNA414234,,414234,SRS2601092,SAMN07782284,simple,9749,Delphinapterus leucas,DLBB-08-02,,,,,female,,no,,,,,MYSTIC AQUARIUM,SRA620216,,public,8A23311603BAA011135D531764EE961E,4D998D66EEEDF37C0AEC6A43E0900F8B
SRR6181298,2017-10-17 12:53:12,2017-10-17 12:48:34,6625201,998856880,6625201,150,443,,https://sra-downloadb.be-md.ncbi.nlm.nih.gov/sos5/sra-pub-zq-14/SRR006/181/SRR6181298.sralite.1,SRX3291905,DL-58-2_S4_L001_R1_001.fastq.gz,RNA-Seq,RANDOM,TRANSCRIPTOMIC,PAIRED,0,0,ILLUMINA,NextSeq 500,SRP120137,PRJNA414234,,414234,SRS2601092,SAMN07782284,simple,9749,Delphinapterus leucas,DLBB-08-02,,,,,female,,no,,,,,MYSTIC AQUARIUM,SRA620216,,public,4193531AF1E2302977BCAF4ECF3CF343,4BAAA10EDEBB85B8520CB94B5D62305A
SRR6181299,2017-10-17 12:49:12,2017-10-17 12:46:51,6507322,981008169,6507322,150,437,,https://sra-downloadb.be-md.ncbi.nlm.nih.gov/sos5/sra-pub-zq-14/SRR006/181/SRR6181299.sralite.1,SRX3291904,DL-58-2_S4_L002_R1_001.fastq.gz,RNA-Seq,RANDOM,TRANSCRIPTOMIC,PAIRED,0,0,ILLUMINA,NextSeq 500,SRP120137,PRJNA414234,,414234,SRS2601092,SAMN07782284,simple,9749,Delphinapterus leucas,DLBB-08-02,,,,,female,,no,,,,,MYSTIC AQUARIUM,SRA620216,,public,692D2A0825A87F2D19E2B7531B54ED76,C46D763A1B551180BC4C5870F7CA3140
SRR6181300,2017-10-17 12:50:12,2017-10-17 12:47:35,5707619,858497117,5707619,150,391,,https://sra-downloadb.be-md.ncbi.nlm.nih.gov/sos5/sra-pub-zq-14/SRR006/181/SRR6181300.sralite.1,SRX3291911,DL-55-11_S2_L004_R1_001.fastq.gz,RNA-Seq,RANDOM,TRANSCRIPTOMIC,PAIRED,0,0,ILLUMINA,NextSeq 500,SRP120137,PRJNA414234,,414234,SRS2601093,SAMN07782286,simple,9749,Delphinapterus leucas,LC108772-12,,,,,female,,no,,,,,MYSTIC AQUARIUM,SRA620224,,public,5904EB160D53575473710E301D51ABA2,0CEA28E53E7157DAA913319229C8651A
SRR6181301,2017-10-17 12:53:12,2017-10-17 12:49:40,5845122,879167100,5845122,150,399,,https://sra-downloadb.be-md.ncbi.nlm.nih.gov/sos5/sra-pub-zq-14/SRR006/181/SRR6181301.sralite.1,SRX3291910,DL-55-11_S2_L003_R1_001.fastq.gz,RNA-Seq,RANDOM,TRANSCRIPTOMIC,PAIRED,0,0,ILLUMINA,NextSeq 500,SRP120137,PRJNA414234,,414234,SRS2601093,SAMN07782286,simple,9749,Delphinapterus leucas,LC108772-12,,,,,female,,no,,,,,MYSTIC AQUARIUM,SRA620224,,public,7BD9FBE42CD63A92F223F3FEB80ED1EC,66E0E908A099A02CC1D81CCD5A0192D9
SRR6181302,2017-10-17 12:53:12,2017-10-17 12:49:42,5993537,901318873,5993537,150,403,,https://sra-downloadb.be-md.ncbi.nlm.nih.gov/sos5/sra-pub-zq-14/SRR006/181/SRR6181302.sralite.1,SRX3291909,DL-55-11_S2_L002_R1_001.fastq.gz,RNA-Seq,RANDOM,TRANSCRIPTOMIC,PAIRED,0,0,ILLUMINA,NextSeq 500,SRP120137,PRJNA414234,,414234,SRS2601093,SAMN07782286,simple,9749,Delphinapterus leucas,LC108772-12,,,,,female,,no,,,,,MYSTIC AQUARIUM,SRA620224,,public,9B04F6C6D191704A7C941FB7A7181CF4,714FCAD301F33C8F3BFDF52D1A0DAF58
SRR6181303,2017-10-17 12:53:12,2017-10-17 12:49:54,6148542,924655926,6148542,150,411,,https://sra-downloadb.be-md.ncbi.nlm.nih.gov/sos5/sra-pub-zq-14/SRR006/181/SRR6181303.sralite.1,SRX3291908,DL-55-11_S2_L001_R1_001.fastq.gz,RNA-Seq,RANDOM,TRANSCRIPTOMIC,PAIRED,0,0,ILLUMINA,NextSeq 500,SRP120137,PRJNA414234,,414234,SRS2601093,SAMN07782286,simple,9749,Delphinapterus leucas,LC108772-12,,,,,female,,no,,,,,MYSTIC AQUARIUM,SRA620224,,public,BB0D72E9344E796F4DFBEC4CA3DBD35D,B0D985429CC55261F54F45D91B0F72CE
SRR30259171,2025-10-31 01:21:26,2024-08-16 10:28:10,38825899,8464045982,38825899,218,2544,,https://sra-downloadb.be-md.ncbi.nlm.nih.gov/sos9/sra-pub-zq-924/SRR030/30259/SRR30259171/SRR30259171.lite.1,SRX25720224,ARHI-18-01,RNA-Seq,PCR,TRANSCRIPTOMIC,PAIRED,0,0,ILLUMINA,Illumina NovaSeq 6000,SRP526713,PRJNA1146570,,1146570,SRS22361058,SAMN43107205,simple,9749,Delphinapterus leucas,ARHI-18-01,,,,,male,,no,,,,,SIMON FRASER UNIVERSITY,SRA1944818,,public,36E9FE44CEBEA989F1CCBAC903850FF3,24874995143E8F8A15A56A3BFBA349B7
SRR30259170,2025-10-31 01:21:26,2024-08-16 10:27:45,37249792,8120454656,37249792,218,2451,,https://sra-downloadb.be-md.ncbi.nlm.nih.gov/sos9/sra-pub-zq-924/SRR030/30259/SRR30259170/SRR30259170.lite.1,SRX25720225,ARHI-18-02,RNA-Seq,PCR,TRANSCRIPTOMIC,PAIRED,0,0,ILLUMINA,Illumina NovaSeq 6000,SRP526713,PRJNA1146570,,1146570,SRS22361057,SAMN43107206,simple,9749,Delphinapterus leucas,ARHI-18-02,,,,,male,,no,,,,,SIMON FRASER UNIVERSITY,SRA1944818,,public,D9A3BD6F870DD85023F58FB3BB4079F4,D5537B3AD86A1FD1642FA1E191C70A4A
SRR30259169,2025-10-31 01:21:26,2024-08-16 10:32:43,33205632,7238827776,33205632,218,2166,,https://sra-downloadb.be-md.ncbi.nlm.nih.gov/sos9/sra-pub-zq-924/SRR030/30259/SRR30259169/SRR30259169.lite.1,SRX25720226,ARHI-20-03,RNA-Seq,PCR,TRANSCRIPTOMIC,PAIRED,0,0,ILLUMINA,Illumina NovaSeq 6000,SRP526713,PRJNA1146570,,1146570,SRS22361059,SAMN43107215,simple,9749,Delphinapterus leucas,ARHI-20-03,,,,,male,,no,,,,,SIMON FRASER UNIVERSITY,SRA1944818,,public,997D5A9360DE2A85C1A3CF411B4BD6AA,AB94307790C6D3888E74F5712C192C47
SRR30259168,2025-10-31 01:21:27,2024-08-16 10:32:45,40331334,8792230812,40331334,218,2661,,https://sra-downloadb.be-md.ncbi.nlm.nih.gov/sos9/sra-pub-zq-924/SRR030/30259/SRR30259168/SRR30259168.lite.1,SRX25720227,ARHI-20-04,RNA-Seq,PCR,TRANSCRIPTOMIC,PAIRED,0,0,ILLUMINA,Illumina NovaSeq 6000,SRP526713,PRJNA1146570,,1146570,SRS22361060,SAMN43107216,simple,9749,Delphinapterus leucas,ARHI-20-04,,,,,male,,no,,,,,SIMON FRASER UNIVERSITY,SRA1944818,,public,A30A203489941F55488E60DECB871BE2,CEC402114C11E48728284F963EE5A53A
SRR30259167,2025-10-31 01:21:27,2024-08-16 10:33:24,44456321,9691477978,44456321,218,2903,,https://sra-downloadb.be-md.ncbi.nlm.nih.gov/sos9/sra-pub-zq-924/SRR030/30259/SRR30259167/SRR30259167.lite.1,SRX25720228,ARHI-20-06,RNA-Seq,PCR,TRANSCRIPTOMIC,PAIRED,0,0,ILLUMINA,Illumina NovaSeq 6000,SRP526713,PRJNA1146570,,1146570,SRS22361061,SAMN43107217,simple,9749,Delphinapterus leucas,ARHI-20-06,,,,,male,,no,,,,,SIMON FRASER UNIVERSITY,SRA1944818,,public,828FFA45346D0449EACA1F82FC6B8C85,0DC36CFD928FAB4536E040E73B56AC55
SRR30259166,2025-10-31 01:21:27,2024-08-16 10:30:55,38515998,8396487564,38515998,218,2555,,https://sra-downloadb.be-md.ncbi.nlm.nih.gov/sos9/sra-pub-zq-924/SRR030/30259/SRR30259166/SRR30259166.lite.1,SRX25720229,ARHI-20-09,RNA-Seq,PCR,TRANSCRIPTOMIC,PAIRED,0,0,ILLUMINA,Illumina NovaSeq 6000,SRP526713,PRJNA1146570,,1146570,SRS22361062,SAMN43107218,simple,9749,Delphinapterus leucas,ARHI-20-09,,,,,male,,no,,,,,SIMON FRASER UNIVERSITY,SRA1944818,,public,F08994F8669655DDFD87BDEEB989DAD9,3629F6EDE3EC66E4FBA5DEF8C4276C63
SRR30259165,2025-10-31 01:21:27,2024-08-16 10:28:07,36638875,7987274750,36638875,218,2387,,https://sra-downloadb.be-md.ncbi.nlm.nih.gov/sos9/sra-pub-zq-924/SRR030/30259/SRR30259165/SRR30259165.lite.1,SRX25720230,ARHI-20-11,RNA-Seq,PCR,TRANSCRIPTOMIC,PAIRED,0,0,ILLUMINA,Illumina NovaSeq 6000,SRP526713,PRJNA1146570,,1146570,SRS22361063,SAMN43107219,simple,9749,Delphinapterus leucas,ARHI-20-11,,,,,male,,no,,,,,SIMON FRASER UNIVERSITY,SRA1944818,,public,C106E62CBECD60F24DFA1ECE5FF4A6D0,7429256DAE54C2AFC62DDD1A9C2ADCF2
SRR30259164,2025-10-31 01:21:27,2024-08-16 10:28:21,36930598,8050870364,36930598,218,2436,,https://sra-downloadb.be-md.ncbi.nlm.nih.gov/sos9/sra-pub-zq-924/SRR030/30259/SRR30259164/SRR30259164.lite.1,SRX25720231,ARHI-20-12,RNA-Seq,PCR,TRANSCRIPTOMIC,PAIRED,0,0,ILLUMINA,Illumina NovaSeq 6000,SRP526713,PRJNA1146570,,1146570,SRS22361064,SAMN43107220,simple,9749,Delphinapterus leucas,ARHI-20-12,,,,,male,,no,,,,,SIMON FRASER UNIVERSITY,SRA1944818,,public,6D4118781106A2B49D41780B411DE4BA,045FD021A9E5E317F467FBB63155D2BD
SRR30259163,2025-10-31 01:21:27,2024-08-16 10:27:35,34059936,7425066048,34059936,218,2226,,https://sra-downloadb.be-md.ncbi.nlm.nih.gov/sos9/sra-pub-zq-924/SRR030/30259/SRR30259163/SRR30259163.lite.1,SRX25720232,ARHI-20-13,RNA-Seq,PCR,TRANSCRIPTOMIC,PAIRED,0,0,ILLUMINA,Illumina NovaSeq 6000,SRP526713,PRJNA1146570,,1146570,SRS22361065,SAMN43107221,simple,9749,Delphinapterus leucas,ARHI-20-13,,,,,male,,no,,,,,SIMON FRASER UNIVERSITY,SRA1944818,,public,86745B7646F766B902EF0EFBB7B5A3FE,AE98EF358BF3924A85F337FC13E0BB10
SRR30259162,2025-10-31 01:21:27,2024-08-16 10:32:16,42063795,9169907310,42063795,218,2746,,https://sra-downloadb.be-md.ncbi.nlm.nih.gov/sos9/sra-pub-zq-924/SRR030/30259/SRR30259162/SRR30259162.lite.1,SRX25720233,ARHI-20-14,RNA-Seq,PCR,TRANSCRIPTOMIC,PAIRED,0,0,ILLUMINA,Illumina NovaSeq 6000,SRP526713,PRJNA1146570,,1146570,SRS22361066,SAMN43107222,simple,9749,Delphinapterus leucas,ARHI-20-14,,,,,male,,no,,,,,SIMON FRASER UNIVERSITY,SRA1944818,,public,A993349F3878BF1A12061A06C17FE4C1,E438E134070F7066F59A7632190C4F57
SRR30259161,2025-10-31 01:21:27,2024-08-16 10:28:22,38058953,8296851754,38058953,218,2511,,https://sra-downloadb.be-md.ncbi.nlm.nih.gov/sos9/sra-pub-zq-924/SRR030/30259/SRR30259161/SRR30259161.lite.1,SRX25720234,ARHI-20-15,RNA-Seq,PCR,TRANSCRIPTOMIC,PAIRED,0,0,ILLUMINA,Illumina NovaSeq 6000,SRP526713,PRJNA1146570,,1146570,SRS22361067,SAMN43107223,simple,9749,Delphinapterus leucas,ARHI-20-15,,,,,male,,no,,,,,SIMON FRASER UNIVERSITY,SRA1944818,,public,9AA94CCF968E12E29F7647FE3941CBDC,00152601E04CDD93D6D0EB84FEA63162
SRR30259156,2025-10-31 01:21:28,2024-08-16 10:27:55,30984610,6754644980,30984610,218,2044,,https://sra-downloadb.be-md.ncbi.nlm.nih.gov/sos9/sra-pub-zq-924/SRR030/30259/SRR30259156/SRR30259156.lite.1,SRX25720239,ARHI-21-06,RNA-Seq,PCR,TRANSCRIPTOMIC,PAIRED,0,0,ILLUMINA,Illumina NovaSeq 6000,SRP526713,PRJNA1146570,,1146570,SRS22361072,SAMN43107227,simple,9749,Delphinapterus leucas,ARHI-21-06,,,,,male,,no,,,,,SIMON FRASER UNIVERSITY,SRA1944818,,public,864DE0970A843E11CFA6AA0DB6BAE626,AFCC2F777C201D0805B9DB1B3388089B
SRR30259157,2025-10-31 01:21:28,2024-08-16 10:28:05,33985197,7408772946,33985197,218,2291,,https://sra-downloadb.be-md.ncbi.nlm.nih.gov/sos9/sra-pub-zq-924/SRR030/30259/SRR30259157/SRR30259157.lite.1,SRX25720238,ARHI-21-04,RNA-Seq,PCR,TRANSCRIPTOMIC,PAIRED,0,0,ILLUMINA,Illumina NovaSeq 6000,SRP526713,PRJNA1146570,,1146570,SRS22361071,SAMN43107226,simple,9749,Delphinapterus leucas,ARHI-21-04,,,,,male,,no,,,,,SIMON FRASER UNIVERSITY,SRA1944818,,public,745CB86F31E3B3EA9B8FB5A45BCC67D1,6B50FFA280F913E6B5B6F2167F1F7361
SRR30259159,2025-10-31 01:21:28,2024-08-16 10:31:38,31123621,6784949378,31123621,218,2075,,https://sra-downloadb.be-md.ncbi.nlm.nih.gov/sos9/sra-pub-zq-924/SRR030/30259/SRR30259159/SRR30259159.lite.1,SRX25720236,ARHI-18-03,RNA-Seq,PCR,TRANSCRIPTOMIC,PAIRED,0,0,ILLUMINA,Illumina NovaSeq 6000,SRP526713,PRJNA1146570,,1146570,SRS22361068,SAMN43107207,simple,9749,Delphinapterus leucas,ARHI-18-03,,,,,male,,no,,,,,SIMON FRASER UNIVERSITY,SRA1944818,,public,4978C08B21AEBEC6A2D223D63A70CAC7,87849F778E5D93D7E61050AB029782AA
SRR30259160,2025-10-31 01:21:28,2024-08-16 10:28:47,37297875,8130936750,37297875,218,2434,,https://sra-downloadb.be-md.ncbi.nlm.nih.gov/sos9/sra-pub-zq-924/SRR030/30259/SRR30259160/SRR30259160.lite.1,SRX25720235,ARHI-20-16,RNA-Seq,PCR,TRANSCRIPTOMIC,PAIRED,0,0,ILLUMINA,Illumina NovaSeq 6000,SRP526713,PRJNA1146570,,1146570,SRS22361069,SAMN43107224,simple,9749,Delphinapterus leucas,ARHI-20-16,,,,,male,,no,,,,,SIMON FRASER UNIVERSITY,SRA1944818,,public,EB1C77479640CDE8E1B89CC08F05F26B,436C01D718302EAB93947C512C2BB4D1
SRR30259158,2025-10-31 01:21:28,2024-08-16 10:33:03,35507763,7740692334,35507763,218,2403,,https://sra-downloadb.be-md.ncbi.nlm.nih.gov/sos9/sra-pub-zq-924/SRR030/30259/SRR30259158/SRR30259158.lite.1,SRX25720237,ARHI-21-03,RNA-Seq,PCR,TRANSCRIPTOMIC,PAIRED,0,0,ILLUMINA,Illumina NovaSeq 6000,SRP526713,PRJNA1146570,,1146570,SRS22361070,SAMN43107225,simple,9749,Delphinapterus leucas,ARHI-21-03,,,,,male,,no,,,,,SIMON FRASER UNIVERSITY,SRA1944818,,public,83B63B5C96B1D9B2060918BB156FB099,281A1848D14EFC0A1BFF6974636E39CA
SRR30259155,2025-10-31 01:21:28,2024-08-16 10:32:55,37660597,8210010146,37660597,218,2501,,https://sra-downloadb.be-md.ncbi.nlm.nih.gov/sos9/sra-pub-zq-924/SRR030/30259/SRR30259155/SRR30259155.lite.1,SRX25720240,ARHI-21-07,RNA-Seq,PCR,TRANSCRIPTOMIC,PAIRED,0,0,ILLUMINA,Illumina NovaSeq 6000,SRP526713,PRJNA1146570,,1146570,SRS22361073,SAMN43107228,simple,9749,Delphinapterus leucas,ARHI-21-07,,,,,male,,no,,,,,SIMON FRASER UNIVERSITY,SRA1944818,,public,CCD372BB9CEAB605EDCF715B9F1A08A5,E9AB1DF70D007647C3148A8FF847F48B
SRR30259153,2025-10-31 01:21:28,2024-08-16 10:27:58,32545242,7094862756,32545242,218,2167,,https://sra-downloadb.be-md.ncbi.nlm.nih.gov/sos9/sra-pub-zq-924/SRR030/30259/SRR30259153/SRR30259153.lite.1,SRX25720242,ARHI-21-11,RNA-Seq,PCR,TRANSCRIPTOMIC,PAIRED,0,0,ILLUMINA,Illumina NovaSeq 6000,SRP526713,PRJNA1146570,,1146570,SRS22361074,SAMN43107230,simple,9749,Delphinapterus leucas,ARHI-21-11,,,,,male,,no,,,,,SIMON FRASER UNIVERSITY,SRA1944818,,public,BD7CE0E42D858ACC702037361AFE63E8,565AC5ACD6CD3D529A91BFFE79B7DA48
SRR30259154,2025-10-31 01:21:28,2024-08-16 10:30:00,33174281,7231993258,33174281,218,2180,,https://sra-downloadb.be-md.ncbi.nlm.nih.gov/sos9/sra-pub-zq-924/SRR030/30259/SRR30259154/SRR30259154.lite.1,SRX25720241,ARHI-21-08,RNA-Seq,PCR,TRANSCRIPTOMIC,PAIRED,0,0,ILLUMINA,Illumina NovaSeq 6000,SRP526713,PRJNA1146570,,1146570,SRS22361075,SAMN43107229,simple,9749,Delphinapterus leucas,ARHI-21-08,,,,,male,,no,,,,,SIMON FRASER UNIVERSITY,SRA1944818,,public,6ABA7B95E6F43ECF4E4D784CEC35DDF0,AAB08C22CB49A7EC94A0D081B7FED766
SRR30259152,2025-10-31 01:21:28,2024-08-16 10:32:51,44394610,9678024980,44394610,218,2937,,https://sra-downloadb.be-md.ncbi.nlm.nih.gov/sos9/sra-pub-zq-924/SRR030/30259/SRR30259152/SRR30259152.lite.1,SRX25720243,ARHI-21-12,RNA-Seq,PCR,TRANSCRIPTOMIC,PAIRED,0,0,ILLUMINA,Illumina NovaSeq 6000,SRP526713,PRJNA1146570,,1146570,SRS22361076,SAMN43107231,simple,9749,Delphinapterus leucas,ARHI-21-12,,,,,male,,no,,,,,SIMON FRASER UNIVERSITY,SRA1944818,,public,D1EEA6747F4E75AEFD00B2D6545E155A,6A78107FAB9257ACF5FA42FF9144CC8A
SRR30259151,2025-10-31 01:21:28,2024-08-16 10:39:13,54328923,11843705214,54328923,218,3597,,https://sra-downloadb.be-md.ncbi.nlm.nih.gov/sos9/sra-pub-zq-924/SRR030/30259/SRR30259151/SRR30259151.lite.1,SRX25720244,ARHI-21-13,RNA-Seq,PCR,TRANSCRIPTOMIC,PAIRED,0,0,ILLUMINA,Illumina NovaSeq 6000,SRP526713,PRJNA1146570,,1146570,SRS22361077,SAMN43107232,simple,9749,Delphinapterus leucas,ARHI-21-13,,,,,male,,no,,,,,SIMON FRASER UNIVERSITY,SRA1944818,,public,43758280D2003A60172E467E628B98B7,FCB884B7FD5CE0B16D08ED5666C2F6EE
SRR30259150,2025-10-31 01:21:29,2024-08-16 10:29:35,42784279,9326972822,42784279,218,2836,,https://sra-downloadb.be-md.ncbi.nlm.nih.gov/sos9/sra-pub-zq-924/SRR030/30259/SRR30259150/SRR30259150.lite.1,SRX25720245,ARHI-21-14,RNA-Seq,PCR,TRANSCRIPTOMIC,PAIRED,0,0,ILLUMINA,Illumina NovaSeq 6000,SRP526713,PRJNA1146570,,1146570,SRS22361078,SAMN43107233,simple,9749,Delphinapterus leucas,ARHI-21-14,,,,,male,,no,,,,,SIMON FRASER UNIVERSITY,SRA1944818,,public,18E0876318BA8424DE4CF28A92D671CE,37CF39CF3B171C6BC4DE3E339B63853F
SRR30259149,2025-10-31 01:21:29,2024-08-22 13:37:44,37505221,8176138178,37505221,218,2478,,https://sra-downloadb.be-md.ncbi.nlm.nih.gov/sos9/sra-pub-zq-924/SRR030/30259/SRR30259149/SRR30259149.lite.1,SRX25720246,ARHI-21-15,RNA-Seq,PCR,TRANSCRIPTOMIC,PAIRED,0,0,ILLUMINA,Illumina NovaSeq 6000,SRP526713,PRJNA1146570,,1146570,SRS22361079,SAMN43107234,simple,9749,Delphinapterus leucas,ARHI-21-15,,,,,male,,no,,,,,SIMON FRASER UNIVERSITY,SRA1944818,,public,719B72F117E92AF21D689EEA80D5038E,5043139ADEB635E9E899EE0A5AD50129
SRR30259148,2025-10-31 01:21:29,2024-08-16 10:27:26,32893018,7170677924,0,218,2194,,https://sra-downloadb.be-md.ncbi.nlm.nih.gov/sos9/sra-pub-zq-924/SRR030/30259/SRR30259148/SRR30259148.lite.1,SRX25720247,ARHI-18-04,RNA-Seq,PCR,TRANSCRIPTOMIC,PAIRED,0,0,ILLUMINA,Illumina NovaSeq 6000,SRP526713,PRJNA1146570,,1146570,SRS22361080,SAMN43107208,simple,9749,Delphinapterus leucas,ARHI-18-04,,,,,male,,no,,,,,SIMON FRASER UNIVERSITY,SRA1944818,,public,B6A4D1DC70513C2A284F549FAF317341,FAAA1C77E49A3CBF2BE0743389363199
SRR30259147,2025-10-31 01:21:29,2024-08-16 10:28:48,41601931,9069220958,41601931,218,2772,,https://sra-downloadb.be-md.ncbi.nlm.nih.gov/sos9/sra-pub-zq-924/SRR030/30259/SRR30259147/SRR30259147.lite.1,SRX25720248,ARHI-21-16,RNA-Seq,PCR,TRANSCRIPTOMIC,PAIRED,0,0,ILLUMINA,Illumina NovaSeq 6000,SRP526713,PRJNA1146570,,1146570,SRS22361081,SAMN43107235,simple,9749,Delphinapterus leucas,ARHI-21-16,,,,,male,,no,,,,,SIMON FRASER UNIVERSITY,SRA1944818,,public,74C6BD2B4FA72B3258946ABC7A0DADB3,8E1B19B87B4C90F65B6AA92D3045D5EE
SRR30259146,2025-10-31 01:21:29,2024-08-16 10:28:54,42918852,9356309736,42918852,218,2812,,https://sra-downloadb.be-md.ncbi.nlm.nih.gov/sos9/sra-pub-zq-924/SRR030/30259/SRR30259146/SRR30259146.lite.1,SRX25720249,ARHI-21-17,RNA-Seq,PCR,TRANSCRIPTOMIC,PAIRED,0,0,ILLUMINA,Illumina NovaSeq 6000,SRP526713,PRJNA1146570,,1146570,SRS22361082,SAMN43107236,simple,9749,Delphinapterus leucas,ARHI-21-17,,,,,male,,no,,,,,SIMON FRASER UNIVERSITY,SRA1944818,,public,525CD5F46592FB12DC8AA021FC10CDAA,609A7954F0369ECBF76CE071F70D5F7F
SRR30259145,2025-10-31 01:21:29,2024-08-16 10:34:31,42000861,9156187698,0,218,2760,,https://sra-downloadb.be-md.ncbi.nlm.nih.gov/sos9/sra-pub-zq-924/SRR030/30259/SRR30259145/SRR30259145.lite.1,SRX25720250,ARHI-21-18,RNA-Seq,PCR,TRANSCRIPTOMIC,PAIRED,0,0,ILLUMINA,Illumina NovaSeq 6000,SRP526713,PRJNA1146570,,1146570,SRS22361083,SAMN43107237,simple,9749,Delphinapterus leucas,ARHI-21-18,,,,,male,,no,,,,,SIMON FRASER UNIVERSITY,SRA1944818,,public,CB156A1D10D898C657912729F24FDC3F,8A0DA7A377298C85A859F8C7165F900C
SRR30259144,2025-10-31 01:21:29,2024-08-16 10:28:55,46316357,10096965826,46316357,218,3075,,https://sra-downloadb.be-md.ncbi.nlm.nih.gov/sos9/sra-pub-zq-924/SRR030/30259/SRR30259144/SRR30259144.lite.1,SRX25720251,ARHI-21-19,RNA-Seq,PCR,TRANSCRIPTOMIC,PAIRED,0,0,ILLUMINA,Illumina NovaSeq 6000,SRP526713,PRJNA1146570,,1146570,SRS22361084,SAMN43107238,simple,9749,Delphinapterus leucas,ARHI-21-19,,,,,male,,no,,,,,SIMON FRASER UNIVERSITY,SRA1944818,,public,E64CB4B3FDD40F04AAE5CFB5299DDBDB,E7592F1C8408B92863578E19AC77A136
SRR30259142,2025-10-31 01:21:29,2024-08-16 10:34:44,42571300,9280543400,42571300,218,2803,,https://sra-downloadb.be-md.ncbi.nlm.nih.gov/sos9/sra-pub-zq-924/SRR030/30259/SRR30259142/SRR30259142.lite.1,SRX25720253,DLB-1513,RNA-Seq,PCR,TRANSCRIPTOMIC,PAIRED,0,0,ILLUMINA,Illumina NovaSeq 6000,SRP526713,PRJNA1146570,,1146570,SRS22361085,SAMN43107240,simple,9749,Delphinapterus leucas,DLB-1513,,,,,male,,no,,,,,SIMON FRASER UNIVERSITY,SRA1944818,,public,3681CC40306DE3543A26B6771CE05502,36B63C9FF472CE8F375E695F392D3D3E
SRR30259143,2025-10-31 01:21:29,2024-08-16 10:29:22,32786011,7147350398,32786011,218,2177,,https://sra-downloadb.be-md.ncbi.nlm.nih.gov/sos9/sra-pub-zq-924/SRR030/30259/SRR30259143/SRR30259143.lite.1,SRX25720252,DLB-1507,RNA-Seq,PCR,TRANSCRIPTOMIC,PAIRED,0,0,ILLUMINA,Illumina NovaSeq 6000,SRP526713,PRJNA1146570,,1146570,SRS22361086,SAMN43107239,simple,9749,Delphinapterus leucas,DLB-1507,,,,,male,,no,,,,,SIMON FRASER UNIVERSITY,SRA1944818,,public,152A7B5686BA76E0D9523413DBBEB4EE,C8E05AE86043F0279F6B2917A77CE010
SRR30259141,2025-10-31 01:21:29,2024-08-16 10:31:14,34124048,7439042464,34124048,218,2267,,https://sra-downloadb.be-md.ncbi.nlm.nih.gov/sos9/sra-pub-zq-924/SRR030/30259/SRR30259141/SRR30259141.lite.1,SRX25720254,DLB-1515,RNA-Seq,PCR,TRANSCRIPTOMIC,PAIRED,0,0,ILLUMINA,Illumina NovaSeq 6000,SRP526713,PRJNA1146570,,1146570,SRS22361087,SAMN43107241,simple,9749,Delphinapterus leucas,DLB-1515,,,,,male,,no,,,,,SIMON FRASER UNIVERSITY,SRA1944818,,public,188EF1F267B502D59F868003533CF55E,BE87625A79427F8EA47CE4931854F981
SRR30259140,2025-10-31 01:21:29,2024-08-16 10:27:23,38174082,8321949876,38174082,218,2560,,https://sra-downloadb.be-md.ncbi.nlm.nih.gov/sos9/sra-pub-zq-924/SRR030/30259/SRR30259140/SRR30259140.lite.1,SRX25720255,DLB-1517,RNA-Seq,PCR,TRANSCRIPTOMIC,PAIRED,0,0,ILLUMINA,Illumina NovaSeq 6000,SRP526713,PRJNA1146570,,1146570,SRS22361088,SAMN43107242,simple,9749,Delphinapterus leucas,DLB-1517,,,,,male,,no,,,,,SIMON FRASER UNIVERSITY,SRA1944818,,public,143209D4E78E49A77A3DBB98E0E23CAC,54AEFC461FA1CF21E819EAEBE3AC7BCD
SRR30259139,2025-10-31 01:21:29,2024-08-16 10:29:26,33349504,7270191872,33349504,218,2243,,https://sra-downloadb.be-md.ncbi.nlm.nih.gov/sos9/sra-pub-zq-924/SRR030/30259/SRR30259139/SRR30259139.lite.1,SRX25720256,DLB-1519,RNA-Seq,PCR,TRANSCRIPTOMIC,PAIRED,0,0,ILLUMINA,Illumina NovaSeq 6000,SRP526713,PRJNA1146570,,1146570,SRS22361089,SAMN43107243,simple,9749,Delphinapterus leucas,DLB-1519,,,,,male,,no,,,,,SIMON FRASER UNIVERSITY,SRA1944818,,public,A13D88C9D4938A279FF484F90E96130A,A55F1F3E649ACAC16ABBB3FD8D0DA5AA
SRR30259138,2025-10-31 01:21:29,2024-08-16 10:30:16,30355133,6617418994,30355133,218,2015,,https://sra-downloadb.be-md.ncbi.nlm.nih.gov/sos9/sra-pub-zq-924/SRR030/30259/SRR30259138/SRR30259138.lite.1,SRX25720257,DLB-1534,RNA-Seq,PCR,TRANSCRIPTOMIC,PAIRED,0,0,ILLUMINA,Illumina NovaSeq 6000,SRP526713,PRJNA1146570,,1146570,SRS22361090,SAMN43107244,simple,9749,Delphinapterus leucas,DLB-1534,,,,,male,,no,,,,,SIMON FRASER UNIVERSITY,SRA1944818,,public,6E63497EEB6965E8F0FE36E410AB7C31,2BBBEAB1473CBF85238E4941919B390A
SRR30259137,2025-10-31 01:21:30,2024-08-16 10:29:04,30227171,6589523278,30227171,218,2023,,https://sra-downloadb.be-md.ncbi.nlm.nih.gov/sos9/sra-pub-zq-924/SRR030/30259/SRR30259137/SRR30259137.lite.1,SRX25720258,ARHI-18-05,RNA-Seq,PCR,TRANSCRIPTOMIC,PAIRED,0,0,ILLUMINA,Illumina NovaSeq 6000,SRP526713,PRJNA1146570,,1146570,SRS22361091,SAMN43107209,simple,9749,Delphinapterus leucas,ARHI-18-05,,,,,male,,no,,,,,SIMON FRASER UNIVERSITY,SRA1944818,,public,1B6DDEA75240A1DEA1AE941A98E8B575,AA3B6B4C5512B6EFD527AE0E83C11444
SRR30259136,2025-10-31 01:21:30,2024-08-16 10:32:52,38579471,8410324678,38579471,218,2546,,https://sra-downloadb.be-md.ncbi.nlm.nih.gov/sos9/sra-pub-zq-924/SRR030/30259/SRR30259136/SRR30259136.lite.1,SRX25720259,DLB-1538,RNA-Seq,PCR,TRANSCRIPTOMIC,PAIRED,0,0,ILLUMINA,Illumina NovaSeq 6000,SRP526713,PRJNA1146570,,1146570,SRS22361092,SAMN43107245,simple,9749,Delphinapterus leucas,DLB-1538,,,,,male,,no,,,,,SIMON FRASER UNIVERSITY,SRA1944818,,public,30851E33DCFE2F50CC97568083B1C102,949E84D7CBDA57F13C68959311E90A47
SRR30259135,2025-10-31 01:21:30,2024-08-16 10:27:24,31608972,6890755896,31608972,218,2139,,https://sra-downloadb.be-md.ncbi.nlm.nih.gov/sos9/sra-pub-zq-924/SRR030/30259/SRR30259135/SRR30259135.lite.1,SRX25720260,DLB-1540,RNA-Seq,PCR,TRANSCRIPTOMIC,PAIRED,0,0,ILLUMINA,Illumina NovaSeq 6000,SRP526713,PRJNA1146570,,1146570,SRS22361093,SAMN43107246,simple,9749,Delphinapterus leucas,DLB-1540,,,,,male,,no,,,,,SIMON FRASER UNIVERSITY,SRA1944818,,public,A14B1ABF7746983C36093203B658307D,52C0EE81B46401D00190B2EB1FD12E5B
SRR30259134,2025-10-31 01:21:30,2024-08-16 10:27:14,34893762,7606840116,34893762,218,2341,,https://sra-downloadb.be-md.ncbi.nlm.nih.gov/sos9/sra-pub-zq-924/SRR030/30259/SRR30259134/SRR30259134.lite.1,SRX25720261,DLB-1546,RNA-Seq,PCR,TRANSCRIPTOMIC,PAIRED,0,0,ILLUMINA,Illumina NovaSeq 6000,SRP526713,PRJNA1146570,,1146570,SRS22361094,SAMN43107247,simple,9749,Delphinapterus leucas,DLB-1546,,,,,male,,no,,,,,SIMON FRASER UNIVERSITY,SRA1944818,,public,4BA64031EF0A2ADB47A8A040BF16547B,AF7DE865F32787060A019AA21A13E3FC
SRR30259133,2025-10-31 01:21:30,2024-08-16 10:27:29,34000618,7412134724,34000618,218,2262,,https://sra-downloadb.be-md.ncbi.nlm.nih.gov/sos9/sra-pub-zq-924/SRR030/30259/SRR30259133/SRR30259133.lite.1,SRX25720262,DLB-1548,RNA-Seq,PCR,TRANSCRIPTOMIC,PAIRED,0,0,ILLUMINA,Illumina NovaSeq 6000,SRP526713,PRJNA1146570,,1146570,SRS22361095,SAMN43107248,simple,9749,Delphinapterus leucas,DLB-1548,,,,,male,,no,,,,,SIMON FRASER UNIVERSITY,SRA1944818,,public,95FA134E1937B9B0F52AE9F66E633D30,B202CD27395586409DE9BD7AD709FF0A
SRR30259132,2025-10-31 01:21:30,2024-08-16 10:28:01,36637092,7986886056,36637092,218,2464,,https://sra-downloadb.be-md.ncbi.nlm.nih.gov/sos9/sra-pub-zq-924/SRR030/30259/SRR30259132/SRR30259132.lite.1,SRX25720263,DLB-1549,RNA-Seq,PCR,TRANSCRIPTOMIC,PAIRED,0,0,ILLUMINA,Illumina NovaSeq 6000,SRP526713,PRJNA1146570,,1146570,SRS22361096,SAMN43107249,simple,9749,Delphinapterus leucas,DLB-1549,,,,,male,,no,,,,,SIMON FRASER UNIVERSITY,SRA1944818,,public,1C25057A46DE2EC14B25B0A7826BDB07,34FF6AF383CB68252D559AB2BBB9E2A6
SRR30259131,2025-10-31 01:21:30,2024-08-16 10:29:15,37383476,8149597768,37383476,218,2495,,https://sra-downloadb.be-md.ncbi.nlm.nih.gov/sos9/sra-pub-zq-924/SRR030/30259/SRR30259131/SRR30259131.lite.1,SRX25720264,DLB-1551,RNA-Seq,PCR,TRANSCRIPTOMIC,PAIRED,0,0,ILLUMINA,Illumina NovaSeq 6000,SRP526713,PRJNA1146570,,1146570,SRS22361097,SAMN43107250,simple,9749,Delphinapterus leucas,DLB-1551,,,,,male,,no,,,,,SIMON FRASER UNIVERSITY,SRA1944818,,public,E943E9C2469415A74A46AAEB9D8ABA01,11FAE4CBC2EABCBD38C050A8AF925A94
SRR30259130,2025-10-31 01:21:30,2024-08-16 10:27:44,34802701,7586988818,34802701,218,2327,,https://sra-downloadb.be-md.ncbi.nlm.nih.gov/sos9/sra-pub-zq-924/SRR030/30259/SRR30259130/SRR30259130.lite.1,SRX25720265,DLB-1554,RNA-Seq,PCR,TRANSCRIPTOMIC,PAIRED,0,0,ILLUMINA,Illumina NovaSeq 6000,SRP526713,PRJNA1146570,,1146570,SRS22361098,SAMN43107251,simple,9749,Delphinapterus leucas,DLB-1554,,,,,male,,no,,,,,SIMON FRASER UNIVERSITY,SRA1944818,,public,3E9DF23B2F735E609E3E06913A6C1BC3,58BD2B6D2621C7BBAE4C7200FECDACF1
SRR30259129,2025-10-31 01:21:30,2024-08-16 10:29:09,34890369,7606100442,34890369,218,2307,,https://sra-downloadb.be-md.ncbi.nlm.nih.gov/sos9/sra-pub-zq-924/SRR030/30259/SRR30259129/SRR30259129.lite.1,SRX25720266,DLB-1560,RNA-Seq,PCR,TRANSCRIPTOMIC,PAIRED,0,0,ILLUMINA,Illumina NovaSeq 6000,SRP526713,PRJNA1146570,,1146570,SRS22361099,SAMN43107252,simple,9749,Delphinapterus leucas,DLB-1560,,,,,male,,no,,,,,SIMON FRASER UNIVERSITY,SRA1944818,,public,38A4D6A59A8EE5F277E23135C92605D9,8D0E096517478E0F0C31551AE47EF29E
SRR30259128,2025-10-31 01:21:31,2024-08-16 10:32:32,34669603,7557973454,34669603,218,2322,,https://sra-downloadb.be-md.ncbi.nlm.nih.gov/sos9/sra-pub-zq-924/SRR030/30259/SRR30259128/SRR30259128.lite.1,SRX25720267,DLB-1564,RNA-Seq,PCR,TRANSCRIPTOMIC,PAIRED,0,0,ILLUMINA,Illumina NovaSeq 6000,SRP526713,PRJNA1146570,,1146570,SRS22361100,SAMN43107253,simple,9749,Delphinapterus leucas,DLB-1564,,,,,male,,no,,,,,SIMON FRASER UNIVERSITY,SRA1944818,,public,0AD90081CED651645634AA45230589B9,C2B3CF379EA4437E186ED1FA48D7A3F3
SRR30259127,2025-10-31 01:21:31,2024-08-16 10:27:35,31041077,6766954786,31041077,218,2054,,https://sra-downloadb.be-md.ncbi.nlm.nih.gov/sos9/sra-pub-zq-924/SRR030/30259/SRR30259127/SRR30259127.lite.1,SRX25720268,DLB-1566,RNA-Seq,PCR,TRANSCRIPTOMIC,PAIRED,0,0,ILLUMINA,Illumina NovaSeq 6000,SRP526713,PRJNA1146570,,1146570,SRS22361101,SAMN43107254,simple,9749,Delphinapterus leucas,DLB-1566,,,,,male,,no,,,,,SIMON FRASER UNIVERSITY,SRA1944818,,public,02D801D9A507CFA3311730D857140175,D5CBC5A6B7A398CCC1770A231574DE03
SRR30259126,2025-10-31 01:21:31,2024-08-16 10:28:22,36331421,7920249778,36331421,218,2409,,https://sra-downloadb.be-md.ncbi.nlm.nih.gov/sos9/sra-pub-zq-924/SRR030/30259/SRR30259126/SRR30259126.lite.1,SRX25720269,ARHI-18-06,RNA-Seq,PCR,TRANSCRIPTOMIC,PAIRED,0,0,ILLUMINA,Illumina NovaSeq 6000,SRP526713,PRJNA1146570,,1146570,SRS22361102,SAMN43107210,simple,9749,Delphinapterus leucas,ARHI-18-06,,,,,male,,no,,,,,SIMON FRASER UNIVERSITY,SRA1944818,,public,6681279309F6A2B43FAEA08A1A3244F5,E3C1D3DB2110127D79570CE1EDCBA893
SRR30259125,2025-10-31 01:21:31,2024-08-16 10:28:11,35568937,7754028266,35568937,218,2385,,https://sra-downloadb.be-md.ncbi.nlm.nih.gov/sos9/sra-pub-zq-924/SRR030/30259/SRR30259125/SRR30259125.lite.1,SRX25720270,DLB-1568,RNA-Seq,PCR,TRANSCRIPTOMIC,PAIRED,0,0,ILLUMINA,Illumina NovaSeq 6000,SRP526713,PRJNA1146570,,1146570,SRS22361103,SAMN43107255,simple,9749,Delphinapterus leucas,DLB-1568,,,,,male,,no,,,,,SIMON FRASER UNIVERSITY,SRA1944818,,public,830FE6BD4C4C2CA9E437ABFEA0A8FE9E,15B2D44BE359DD6F5337DE9A9B651904
SRR30259124,2025-10-31 01:21:31,2024-08-16 10:27:32,32933447,7179491446,32933447,218,2170,,https://sra-downloadb.be-md.ncbi.nlm.nih.gov/sos9/sra-pub-zq-924/SRR030/30259/SRR30259124/SRR30259124.lite.1,SRX25720271,DLB-1629,RNA-Seq,PCR,TRANSCRIPTOMIC,PAIRED,0,0,ILLUMINA,Illumina NovaSeq 6000,SRP526713,PRJNA1146570,,1146570,SRS22361104,SAMN43107256,simple,9749,Delphinapterus leucas,DLB-1629,,,,,male,,no,,,,,SIMON FRASER UNIVERSITY,SRA1944818,,public,758F0C48615F78F7520D7611D40107AF,11A8B34EAE192814CC8484CAFB00DD88
SRR30259123,2025-10-31 01:21:31,2024-08-16 10:34:23,30567107,6663629326,30567107,218,2037,,https://sra-downloadb.be-md.ncbi.nlm.nih.gov/sos9/sra-pub-zq-924/SRR030/30259/SRR30259123/SRR30259123.lite.1,SRX25720272,DLB-1637,RNA-Seq,PCR,TRANSCRIPTOMIC,PAIRED,0,0,ILLUMINA,Illumina NovaSeq 6000,SRP526713,PRJNA1146570,,1146570,SRS22361105,SAMN43107257,simple,9749,Delphinapterus leucas,DLB-1637,,,,,male,,no,,,,,SIMON FRASER UNIVERSITY,SRA1944818,,public,A3F378DD9F5D721311113A5D452B57B8,2C5780180033ADAE1938EA085D03F9D3
SRR30259122,2025-10-31 01:21:31,2024-08-16 10:28:24,35301061,7695631298,35301061,218,2336,,https://sra-downloadb.be-md.ncbi.nlm.nih.gov/sos9/sra-pub-zq-924/SRR030/30259/SRR30259122/SRR30259122.lite.1,SRX25720273,DLB-1640,RNA-Seq,PCR,TRANSCRIPTOMIC,PAIRED,0,0,ILLUMINA,Illumina NovaSeq 6000,SRP526713,PRJNA1146570,,1146570,SRS22361106,SAMN43107258,simple,9749,Delphinapterus leucas,DLB-1640,,,,,male,,no,,,,,SIMON FRASER UNIVERSITY,SRA1944818,,public,0EAD09291700AE5AFB792F0547C7D5B9,87F13F4342E89F3316764994F056057D
SRR30259121,2025-10-31 01:21:31,2024-08-16 10:28:40,30428272,6633363296,30428272,218,2013,,https://sra-downloadb.be-md.ncbi.nlm.nih.gov/sos9/sra-pub-zq-924/SRR030/30259/SRR30259121/SRR30259121.lite.1,SRX25720274,DLB-1643,RNA-Seq,PCR,TRANSCRIPTOMIC,PAIRED,0,0,ILLUMINA,Illumina NovaSeq 6000,SRP526713,PRJNA1146570,,1146570,SRS22361107,SAMN43107259,simple,9749,Delphinapterus leucas,DLB-1643,,,,,male,,no,,,,,SIMON FRASER UNIVERSITY,SRA1944818,,public,499DA02998E1ED2817F2C2BB58EE366A,F5CDB5A696898ECAF09614E94FF12578
SRR30259120,2025-10-31 01:21:31,2024-08-16 10:30:01,28692641,6254995738,28692641,218,1911,,https://sra-downloadb.be-md.ncbi.nlm.nih.gov/sos9/sra-pub-zq-924/SRR030/30259/SRR30259120/SRR30259120.lite.1,SRX25720275,DLB-1653,RNA-Seq,PCR,TRANSCRIPTOMIC,PAIRED,0,0,ILLUMINA,Illumina NovaSeq 6000,SRP526713,PRJNA1146570,,1146570,SRS22361108,SAMN43107260,simple,9749,Delphinapterus leucas,DLB-1653,,,,,male,,no,,,,,SIMON FRASER UNIVERSITY,SRA1944818,,public,979AAAEEDE02A47825A76D8C0B968FB3,7A8FA0C47D50F5E04CF0889EA9ACC754
SRR30259119,2025-10-31 01:21:31,2024-08-16 10:26:56,29077670,6338932060,29077670,218,1927,,https://sra-downloadb.be-md.ncbi.nlm.nih.gov/sos9/sra-pub-zq-924/SRR030/30259/SRR30259119/SRR30259119.lite.1,SRX25720276,DLB-1655,RNA-Seq,PCR,TRANSCRIPTOMIC,PAIRED,0,0,ILLUMINA,Illumina NovaSeq 6000,SRP526713,PRJNA1146570,,1146570,SRS22361109,SAMN43107261,simple,9749,Delphinapterus leucas,DLB-1655,,,,,male,,no,,,,,SIMON FRASER UNIVERSITY,SRA1944818,,public,0D919B42F7D4542549DAF2671E4B2E88,DB6ED04A311D86E56DFD028B7A6445B7
SRR30259118,2025-10-31 01:21:31,2024-08-16 10:30:56,41636799,9076822182,41636799,218,2758,,https://sra-downloadb.be-md.ncbi.nlm.nih.gov/sos9/sra-pub-zq-924/SRR030/30259/SRR30259118/SRR30259118.lite.1,SRX25720277,DLB-1657,RNA-Seq,PCR,TRANSCRIPTOMIC,PAIRED,0,0,ILLUMINA,Illumina NovaSeq 6000,SRP526713,PRJNA1146570,,1146570,SRS22361110,SAMN43107262,simple,9749,Delphinapterus leucas,DLB-1657,,,,,male,,no,,,,,SIMON FRASER UNIVERSITY,SRA1944818,,public,35E62EA3609A3A87E24EDD3244F4E445,107CBEA1F0F5037E362F1B8A8664F98B
SRR30259117,2025-10-31 01:21:32,2024-08-16 10:28:16,35357090,7707845620,35357090,218,2345,,https://sra-downloadb.be-md.ncbi.nlm.nih.gov/sos9/sra-pub-zq-924/SRR030/30259/SRR30259117/SRR30259117.lite.1,SRX25720278,DLB-1662,RNA-Seq,PCR,TRANSCRIPTOMIC,PAIRED,0,0,ILLUMINA,Illumina NovaSeq 6000,SRP526713,PRJNA1146570,,1146570,SRS22361111,SAMN43107263,simple,9749,Delphinapterus leucas,DLB-1662,,,,,male,,no,,,,,SIMON FRASER UNIVERSITY,SRA1944818,,public,C18F34A102D2AD490DD3393C8A823F2B,24E8D01DD19E9C4E86FC500F950E6C63
SRR30259116,2025-10-31 01:21:32,2024-08-16 10:28:35,37439302,8161767836,37439302,218,2471,,https://sra-downloadb.be-md.ncbi.nlm.nih.gov/sos9/sra-pub-zq-924/SRR030/30259/SRR30259116/SRR30259116.lite.1,SRX25720279,DLB-1664,RNA-Seq,PCR,TRANSCRIPTOMIC,PAIRED,0,0,ILLUMINA,Illumina NovaSeq 6000,SRP526713,PRJNA1146570,,1146570,SRS22361112,SAMN43107264,simple,9749,Delphinapterus leucas,DLB-1664,,,,,male,,no,,,,,SIMON FRASER UNIVERSITY,SRA1944818,,public,2AB204465E51DEAD98AFA49CFEBD9F91,CD0D79F7EBD4F69D1E664CAA2E6E699F
SRR30259115,2025-10-31 01:21:32,2024-08-16 10:33:47,40401476,8807521768,40401476,218,2641,,https://sra-downloadb.be-md.ncbi.nlm.nih.gov/sos9/sra-pub-zq-924/SRR030/30259/SRR30259115/SRR30259115.lite.1,SRX25720280,ARHI-18-07,RNA-Seq,PCR,TRANSCRIPTOMIC,PAIRED,0,0,ILLUMINA,Illumina NovaSeq 6000,SRP526713,PRJNA1146570,,1146570,SRS22361113,SAMN43107211,simple,9749,Delphinapterus leucas,ARHI-18-07,,,,,male,,no,,,,,SIMON FRASER UNIVERSITY,SRA1944818,,public,82376B79F4783F11E5531CAE2FBB1D7C,4778AF3DF225F68E5810DBA7E5677EEA
SRR30259114,2025-10-31 01:21:32,2024-08-16 10:32:16,35831724,7811315832,35831724,218,2376,,https://sra-downloadb.be-md.ncbi.nlm.nih.gov/sos9/sra-pub-zq-924/SRR030/30259/SRR30259114/SRR30259114.lite.1,SRX25720281,DLB-1666,RNA-Seq,PCR,TRANSCRIPTOMIC,PAIRED,0,0,ILLUMINA,Illumina NovaSeq 6000,SRP526713,PRJNA1146570,,1146570,SRS22361114,SAMN43107265,simple,9749,Delphinapterus leucas,DLB-1666,,,,,male,,no,,,,,SIMON FRASER UNIVERSITY,SRA1944818,,public,2CC471C7382B2EA5531A3DEA9D73E88C,D289B6CC357CC3EBB50C2F8A1557F17E
SRR30259113,2025-10-31 01:21:32,2024-08-16 10:27:38,33061741,7207459538,33061741,218,2188,,https://sra-downloadb.be-md.ncbi.nlm.nih.gov/sos9/sra-pub-zq-924/SRR030/30259/SRR30259113/SRR30259113.lite.1,SRX25720282,DLB-1668,RNA-Seq,PCR,TRANSCRIPTOMIC,PAIRED,0,0,ILLUMINA,Illumina NovaSeq 6000,SRP526713,PRJNA1146570,,1146570,SRS22361115,SAMN43107266,simple,9749,Delphinapterus leucas,DLB-1668,,,,,male,,no,,,,,SIMON FRASER UNIVERSITY,SRA1944818,,public,7FE87D156743098758E6D4B667F73268,68B0FA5757C1344C3CCE9FE44338CD89
SRR30259112,2025-10-31 01:21:32,2024-08-16 10:27:28,35312474,7698119332,35312474,218,2326,,https://sra-downloadb.be-md.ncbi.nlm.nih.gov/sos9/sra-pub-zq-924/SRR030/30259/SRR30259112/SRR30259112.lite.1,SRX25720283,DLB-1670,RNA-Seq,PCR,TRANSCRIPTOMIC,PAIRED,0,0,ILLUMINA,Illumina NovaSeq 6000,SRP526713,PRJNA1146570,,1146570,SRS22361116,SAMN43107267,simple,9749,Delphinapterus leucas,DLB-1670,,,,,male,,no,,,,,SIMON FRASER UNIVERSITY,SRA1944818,,public,44A265C49280E0CC58CFDF92C44BF876,CAA7C376E4B88B0622BA4ED3C6B23607
SRR30259111,2025-10-31 01:21:33,2024-08-16 10:30:44,31501238,6867269884,31501238,218,2101,,https://sra-downloadb.be-md.ncbi.nlm.nih.gov/sos9/sra-pub-zq-924/SRR030/30259/SRR30259111/SRR30259111.lite.1,SRX25720284,DLB-1672,RNA-Seq,PCR,TRANSCRIPTOMIC,PAIRED,0,0,ILLUMINA,Illumina NovaSeq 6000,SRP526713,PRJNA1146570,,1146570,SRS22361117,SAMN43107268,simple,9749,Delphinapterus leucas,DLB-1672,,,,,male,,no,,,,,SIMON FRASER UNIVERSITY,SRA1944818,,public,BCE9FAC3B942A04CB801C33C711A09A6,D19D00F419C25928D4A6DB0D1E318F90
SRR30259110,2025-10-31 01:21:33,2024-08-16 10:27:44,32474721,7079489178,32474721,218,2172,,https://sra-downloadb.be-md.ncbi.nlm.nih.gov/sos9/sra-pub-zq-924/SRR030/30259/SRR30259110/SRR30259110.lite.1,SRX25720285,DLB-1675,RNA-Seq,PCR,TRANSCRIPTOMIC,PAIRED,0,0,ILLUMINA,Illumina NovaSeq 6000,SRP526713,PRJNA1146570,,1146570,SRS22361118,SAMN43107269,simple,9749,Delphinapterus leucas,DLB-1675,,,,,male,,no,,,,,SIMON FRASER UNIVERSITY,SRA1944818,,public,041B8B7D18CB8A670A9F1A85E31D5B6E,3D46F5947844EE353A156F173DA5A864
SRR30259109,2025-10-31 01:21:33,2024-08-16 10:32:32,36430573,7941864914,36430573,218,2392,,https://sra-downloadb.be-md.ncbi.nlm.nih.gov/sos9/sra-pub-zq-924/SRR030/30259/SRR30259109/SRR30259109.lite.1,SRX25720286,DLB-1677,RNA-Seq,PCR,TRANSCRIPTOMIC,PAIRED,0,0,ILLUMINA,Illumina NovaSeq 6000,SRP526713,PRJNA1146570,,1146570,SRS22361119,SAMN43107270,simple,9749,Delphinapterus leucas,DLB-1677,,,,,male,,no,,,,,SIMON FRASER UNIVERSITY,SRA1944818,,public,06D694D20D158A5AC7D0172D511286B8,927BC1C2C0E06FF5438A8D0252CDAF8D
SRR30259108,2025-10-31 01:21:33,2024-08-16 10:30:21,34060681,7425228458,34060681,218,2268,,https://sra-downloadb.be-md.ncbi.nlm.nih.gov/sos9/sra-pub-zq-924/SRR030/30259/SRR30259108/SRR30259108.lite.1,SRX25720287,DLB-1679,RNA-Seq,PCR,TRANSCRIPTOMIC,PAIRED,0,0,ILLUMINA,Illumina NovaSeq 6000,SRP526713,PRJNA1146570,,1146570,SRS22361120,SAMN43107271,simple,9749,Delphinapterus leucas,DLB-1679,,,,,male,,no,,,,,SIMON FRASER UNIVERSITY,SRA1944818,,public,9E3FC37FF7B6F578D34E669B2C0D3D7E,AB3FF7D2837E2B060DA941F0065EB498
SRR30259106,2025-10-31 01:21:33,2024-08-16 10:34:03,38895571,8479234478,38895571,218,2567,,https://sra-downloadb.be-md.ncbi.nlm.nih.gov/sos9/sra-pub-zq-924/SRR030/30259/SRR30259106/SRR30259106.lite.1,SRX25720289,DLB-1683,RNA-Seq,PCR,TRANSCRIPTOMIC,PAIRED,0,0,ILLUMINA,Illumina NovaSeq 6000,SRP526713,PRJNA1146570,,1146570,SRS22361121,SAMN43107273,simple,9749,Delphinapterus leucas,DLB-1683,,,,,male,,no,,,,,SIMON FRASER UNIVERSITY,SRA1944818,,public,C9068ADED065705DF44DAF8266AC4C83,C01851825086FE6BEB0A277876A2ADDC
SRR30259107,2025-10-31 01:21:33,2024-08-16 10:29:46,41821677,9117125586,41821677,218,2807,,https://sra-downloadb.be-md.ncbi.nlm.nih.gov/sos9/sra-pub-zq-924/SRR030/30259/SRR30259107/SRR30259107.lite.1,SRX25720288,DLB-1681,RNA-Seq,PCR,TRANSCRIPTOMIC,PAIRED,0,0,ILLUMINA,Illumina NovaSeq 6000,SRP526713,PRJNA1146570,,1146570,SRS22361122,SAMN43107272,simple,9749,Delphinapterus leucas,DLB-1681,,,,,male,,no,,,,,SIMON FRASER UNIVERSITY,SRA1944818,,public,BCC60DA0D15722000A64F2B91DC9A78C,50E6260CADF29907EB9E95C67C274A10
SRR30259105,2025-10-31 01:21:33,2024-08-16 10:32:56,40504350,8829948300,40504350,218,2707,,https://sra-downloadb.be-md.ncbi.nlm.nih.gov/sos9/sra-pub-zq-924/SRR030/30259/SRR30259105/SRR30259105.lite.1,SRX25720290,ARHI-18-08,RNA-Seq,PCR,TRANSCRIPTOMIC,PAIRED,0,0,ILLUMINA,Illumina NovaSeq 6000,SRP526713,PRJNA1146570,,1146570,SRS22361123,SAMN43107212,simple,9749,Delphinapterus leucas,ARHI-18-08,,,,,male,,no,,,,,SIMON FRASER UNIVERSITY,SRA1944818,,public,1ECF2DC6DBCEA54280F0ADB23AD81B64,4940B2630F6DC961298770A85CE421A6
SRR30259103,2025-10-31 01:21:34,2024-08-16 10:27:46,37417885,8157098930,37417885,218,2494,,https://sra-downloadb.be-md.ncbi.nlm.nih.gov/sos9/sra-pub-zq-924/SRR030/30259/SRR30259103/SRR30259103.lite.1,SRX25720292,ARHI-20-02,RNA-Seq,PCR,TRANSCRIPTOMIC,PAIRED,0,0,ILLUMINA,Illumina NovaSeq 6000,SRP526713,PRJNA1146570,,1146570,SRS22361124,SAMN43107214,simple,9749,Delphinapterus leucas,ARHI-20-02,,,,,male,,no,,,,,SIMON FRASER UNIVERSITY,SRA1944818,,public,136461BF8E73587683D7B64A62FFF44F,D7853B1B7C4B0F291222CC74EDD60839
SRR30259104,2025-10-31 01:21:34,2024-08-16 10:36:20,49650325,10823770850,49650325,218,3330,,https://sra-downloadb.be-md.ncbi.nlm.nih.gov/sos9/sra-pub-zq-924/SRR030/30259/SRR30259104/SRR30259104.lite.1,SRX25720291,ARHI-18-09,RNA-Seq,PCR,TRANSCRIPTOMIC,PAIRED,0,0,ILLUMINA,Illumina NovaSeq 6000,SRP526713,PRJNA1146570,,1146570,SRS22361125,SAMN43107213,simple,9749,Delphinapterus leucas,ARHI-18-09,,,,,male,,no,,,,,SIMON FRASER UNIVERSITY,SRA1944818,,public,02B96ED40F057831C51467F84ABB10D5,17F330167FE9754067B43985A5D370DE
